-- phpMyAdmin SQL Dump
-- version 4.6.4
-- https://www.phpmyadmin.net/
--
-- Host: db
-- Tempo de geração: 02/11/2016 às 03:58
-- Versão do servidor: 10.1.18-MariaDB-1~jessie
-- Versão do PHP: 5.6.26

SET SQL_MODE = "NO_AUTO_VALUE_ON_ZERO";
SET time_zone = "+00:00";


/*!40101 SET @OLD_CHARACTER_SET_CLIENT=@@CHARACTER_SET_CLIENT */;
/*!40101 SET @OLD_CHARACTER_SET_RESULTS=@@CHARACTER_SET_RESULTS */;
/*!40101 SET @OLD_COLLATION_CONNECTION=@@COLLATION_CONNECTION */;
/*!40101 SET NAMES utf8mb4 */;

--
-- Banco de dados: `cadinternet`
--
DROP DATABASE `cadinternet`;
CREATE DATABASE IF NOT EXISTS `cadinternet` DEFAULT CHARACTER SET utf8 COLLATE utf8_general_ci;
USE `cadinternet`;

-- --------------------------------------------------------

--
-- Estrutura para tabela `campus`
--

CREATE TABLE `campus` (
  `id` int(11) NOT NULL,
  `campus` varchar(45) NOT NULL,
  `created_at` timestamp NOT NULL DEFAULT CURRENT_TIMESTAMP,
  `updated_at` timestamp NOT NULL DEFAULT CURRENT_TIMESTAMP,
  `deleted_at` timestamp NULL DEFAULT NULL
) ENGINE=InnoDB DEFAULT CHARSET=utf8;

--
-- Fazendo dump de dados para tabela `campus`
--

INSERT INTO `campus` (`id`, `campus`, `created_at`, `updated_at`, `deleted_at`) VALUES
(1, 'CAMPUS 1', '2016-11-01 18:18:13', '2016-11-01 18:18:13', NULL),
(2, 'CAMPUS 2', '2016-11-01 18:18:13', '2016-11-01 18:18:13', NULL),
(3, 'CAMPUS 3', '2016-11-01 18:19:06', '2016-11-01 18:19:06', NULL),
(4, 'CAMPUS 4', '2016-11-01 18:19:06', '2016-11-01 18:19:06', NULL);

-- --------------------------------------------------------

--
-- Estrutura para tabela `requisicoes`
--

CREATE TABLE `requisicoes` (
  `id` int(10) NOT NULL,
  `nome` varchar(60) NOT NULL,
  `rarefunc` bigint(19) NOT NULL,
  `ip` varchar(15) NOT NULL,
  `MAC` varchar(17) NOT NULL,
  `campus_id` int(11) NOT NULL,
  `status_id` int(10) NOT NULL DEFAULT '1',
  `usuarioTipo_id` int(10) NOT NULL,
  `created_at` timestamp NULL DEFAULT CURRENT_TIMESTAMP,
  `updated_at` timestamp NULL DEFAULT CURRENT_TIMESTAMP,
  `deleted_at` timestamp NULL DEFAULT NULL
) ENGINE=InnoDB DEFAULT CHARSET=latin1;

--
-- Fazendo dump de dados para tabela `requisicoes`
--

INSERT INTO `requisicoes` (`id`, `nome`, `rarefunc`, `ip`, `MAC`, `campus_id`, `status_id`, `usuarioTipo_id`, `created_at`, `updated_at`, `deleted_at`) VALUES
(29, 'Yanca Godoy ', 31010002477, '172.16.115.49', '', 2, 3, 1, '2016-10-24 16:43:13', '2016-10-24 16:43:13', NULL),
(30, 'Diego Luis magnani', 31010002404, '172.16.115.48', '', 2, 3, 1, '2016-10-24 16:43:13', '2016-10-24 16:43:13', NULL),
(31, 'Denise Cristina Pereira dos Santos ', 31010003242, '172.16.115.46', '', 2, 3, 1, '2016-10-24 16:43:13', '2016-10-24 16:43:13', NULL),
(32, 'Helio Herbert de almeida', 31010003324, '172.16.115.44', '', 2, 3, 1, '2016-10-24 16:43:13', '2016-10-24 16:43:13', NULL),
(33, 'tiago henrique de souza marques', 31010002793, '172.16.115.45', '', 2, 3, 1, '2016-10-24 16:43:13', '2016-10-24 16:43:13', NULL),
(37, 'Juliana de souza silvino', 31010003494, '172.16.121.113', '', 4, 3, 1, '2016-10-24 16:43:13', '2016-10-24 16:43:13', NULL),
(44, 'joabio pontes bispo', 31010003438, '10.200.32.15', '', 1, 3, 1, '2016-10-24 16:43:13', '2016-10-24 16:43:13', NULL),
(132, 'SIEIS DIAS DE OLIVEIRA ', 31010002560, ' 172.16.115.43', '', 2, 3, 1, '2016-10-24 16:43:13', '2016-10-24 16:43:13', NULL),
(134, 'JULIA BRANDAO BARBANTI', 31010003384, '10.200.33.15', '', 1, 3, 1, '2016-10-24 16:43:13', '2016-10-24 16:43:13', NULL),
(138, 'JULIA BRANDAO BARBANTI', 31010003384, '172.16.108.24', '', 1, 3, 1, '2016-10-24 16:43:13', '2016-10-24 16:43:13', NULL),
(140, 'THAIS CAROLINE DE GODOI', 3101003270, ' 172.16.121.114', '', 4, 3, 1, '2016-10-24 16:43:13', '2016-10-24 16:43:13', NULL),
(142, 'JOSE DIEGO GODOY DE OLIVEIRA', 31010002323, '172.16.115.42', '', 2, 3, 1, '2016-10-24 16:43:13', '2016-10-24 16:43:13', NULL),
(143, 'LUCCA FONSECA', 31010002466, ' 172.16.115.41', '', 2, 3, 1, '2016-10-24 16:43:13', '2016-10-24 16:43:13', NULL),
(144, 'CRISTIANE', 31010002434, ' 172.16.115.40', '', 2, 3, 1, '2016-10-24 16:43:13', '2016-10-24 16:43:13', NULL),
(146, 'JESSIKA RIBEIRO DO AMARAL', 31010003168, '172.16.115.39', '', 2, 3, 1, '2016-10-24 16:43:13', '2016-10-24 16:43:13', NULL),
(148, 'EVERTON HENRIQUE CARVALHO', 31010001499, ' 172.16.121.118', '', 4, 3, 1, '2016-10-24 16:43:13', '2016-10-24 16:43:13', NULL),
(149, 'RODOLFO SANCHES ', 31010002703, ' 172.16.108.65', '', 1, 3, 1, '2016-10-24 16:43:13', '2016-10-24 16:43:13', NULL),
(150, 'WILLIAM', 31010001977, ' 172.16.108.22', '', 1, 3, 1, '2016-10-24 16:43:13', '2016-10-24 16:43:13', NULL),
(151, 'ANA PAULA LAVASSO', 31010001181, '172.16.121.117', '', 4, 3, 1, '2016-10-24 16:43:13', '2016-10-24 16:43:13', NULL),
(152, 'JéSSICA DE CáSSIA COSTA', 31010001230, '172.16.121.116', '', 4, 3, 1, '2016-10-24 16:43:13', '2016-10-24 16:43:13', NULL),
(153, 'FABIO', 31010002943, ' 172.16.115.95', '', 2, 3, 1, '2016-10-24 16:43:13', '2016-10-24 16:43:13', NULL),
(154, 'NILTON CESAR DIAS', 31010001045, '172.16.108.23', '', 1, 3, 1, '2016-10-24 16:43:13', '2016-10-24 16:43:13', NULL),
(156, 'RENAN HENRIQUE LAZARI', 3102236985, '172.16.121.144', '', 4, 3, 2, '2016-10-24 16:43:13', '2016-10-24 16:43:13', NULL),
(157, 'RUBENS ROSSI FILHO ', 31010002449, '172.16.115.96', '', 2, 3, 1, '2016-10-24 16:43:13', '2016-10-24 16:43:13', NULL),
(161, 'ALAN DE TOLEDO FELIPPIN', 31010002171, '172.16.108.21', '', 1, 3, 1, '2016-10-24 16:43:13', '2016-10-24 16:43:13', NULL),
(162, 'ANA MARIA DE ALMEIDA GOMES', 31010002042, '172.16.121.115', '', 4, 3, 1, '2016-10-24 16:43:13', '2016-10-24 16:43:13', NULL),
(163, 'DENISE DE PAULA MAGALHãES RIBEIRO', 31010003009, '172.16.115.97', '', 2, 3, 1, '2016-10-24 16:43:13', '2016-10-24 16:43:13', NULL),
(166, 'CAMILA MARIA MASSARI', 31010003305, '172.16.108.20', '', 1, 3, 1, '2016-10-24 16:43:13', '2016-10-24 16:43:13', NULL),
(167, 'RITA DE CàSSIA RIBEIRO ARAUJO', 31010002334, '172.16.115.131', '', 2, 3, 1, '2016-10-24 16:43:13', '2016-10-24 16:43:13', NULL),
(168, 'DOUGLAS FERNANDO DE OLIVEIRA IGIDIO', 31010003032, '172.16.108.19', '', 1, 3, 1, '2016-10-24 16:43:13', '2016-10-24 16:43:13', NULL),
(169, 'MARILENE MARIANO ALVES', 3101002417, '172.16.115.132', '', 2, 3, 1, '2016-10-24 16:43:13', '2016-10-24 16:43:13', NULL),
(170, 'LUZIA DE JESUS FAGUNDES', 31010003290, '172.16.115.133', '', 2, 3, 1, '2016-10-24 16:43:13', '2016-10-24 16:43:13', NULL),
(171, 'CARLOS RUFINO DE CARVALHOS', 31010003439, '172.16.108.18', '', 1, 3, 1, '2016-10-24 16:43:13', '2016-10-24 16:43:13', NULL),
(173, 'CARLOS ROBERTO GOMES JUNIOR', 3102100960, ' 172.16.111.133', '', 1, 3, 2, '2016-10-24 16:43:13', '2016-10-24 16:43:13', NULL),
(174, 'LUIS FELIPE TELINI SANTOS ', 31010001902, '172.16.119.13', '', 3, 3, 1, '2016-10-24 16:43:13', '2016-10-24 16:43:13', NULL),
(176, 'ANDREA TATIANA DA SILVA ', 31010002878, '10.200.33.16', '', 1, 3, 1, '2016-10-24 16:43:13', '2016-10-24 16:43:13', NULL),
(177, 'LUAN MARQUES DE LIMA', 31010002791, ' 10.200.33.17', '', 1, 3, 1, '2016-10-24 16:43:13', '2016-10-24 16:43:13', NULL),
(178, 'TATIANA FERI FERREIRA ', 31010000568, '10.200.33.18', '', 1, 3, 1, '2016-10-24 16:43:13', '2016-10-24 16:43:13', NULL),
(181, 'JOãO MáRIO GERVAZONI', 31010003053, ' 172.16.115.134', '', 2, 3, 1, '2016-10-24 16:43:13', '2016-10-24 16:43:13', NULL),
(182, 'NOMAIACY FRACASSO BASTAO', 31010003110, '10.200.33.21', '', 1, 3, 1, '2016-10-24 16:43:13', '2016-10-24 16:43:13', NULL),
(188, 'CRISTIANO EMLIO LOPES', 31010003215, ' 172.16.115.37', '', 2, 3, 1, '2016-10-24 16:43:13', '2016-10-24 16:43:13', NULL),
(191, 'RAFAEL DURANTE MOLINARI', 31010002281, '172.16.115.38', '', 2, 3, 1, '2016-10-24 16:43:13', '2016-10-24 16:43:13', NULL),
(192, 'OSCAR MANUEL DE CASTRO FERREIRA', 992925, '172.16.121.145', '', 4, 3, 3, '2016-10-24 16:43:13', '2016-10-24 16:43:13', NULL),
(193, 'FABIO BORGES DE OLIVEIRA', 3102732761, '172.16.121.146', '', 4, 3, 2, '2016-10-24 16:43:13', '2016-10-24 16:43:13', NULL),
(194, 'MARLUCI APARECIDA DE GODOI', 31010002743, '172.16.121.120', '', 4, 3, 1, '2016-10-24 16:43:13', '2016-10-24 16:43:13', NULL),
(195, 'ELDA RAQUEL GUZELOTO RODRIGUES', 31010002448, ' 172.16.121.119', '', 4, 3, 1, '2016-10-24 16:43:13', '2016-10-24 16:43:13', NULL),
(198, 'THAYNá MARIA GODOI DE ASSIS ', 31010002440, ' 172.16.115.138', '', 2, 3, 1, '2016-10-24 16:43:13', '2016-10-24 16:43:13', NULL),
(199, 'LUIS GUSTAVO VIEIRA', 31010002871, ' 172.16.115.137', '', 2, 3, 1, '2016-10-24 16:43:13', '2016-10-24 16:43:13', NULL),
(202, 'DYANA CRISTINA MAGYORI DA SILVA ACCESSOR', 31010002941, '172.16.115.136', '', 2, 3, 1, '2016-10-24 16:43:13', '2016-10-24 16:43:13', NULL),
(203, 'LILIANE CRISTINA DE LIMA', 31010003221, '172.16.115.135', '', 2, 3, 1, '2016-10-24 16:43:13', '2016-10-24 16:43:13', NULL),
(204, 'ANDREA TATIANA DA SILVA ', 31010002878, '172.16.108.15', '', 1, 3, 1, '2016-10-24 16:43:13', '2016-10-24 16:43:13', NULL),
(206, 'GUILHERME MACHADO', 31010002324, '10.200.33.22', '', 1, 3, 1, '2016-10-24 16:43:13', '2016-10-24 16:43:13', NULL),
(207, 'MARIANE BERNARDES PINTO', 31010000567, '172.16.108.14', '', 1, 3, 1, '2016-10-24 16:43:13', '2016-10-24 16:43:13', NULL),
(208, 'BORBA ', 31010003438, '172.16.119.20', '', 3, 3, 1, '2016-10-24 16:43:13', '2016-10-24 16:43:13', NULL),
(223, 'KAYLAYNE VALESCA SOUZA DE FREITAS', 31010002366, ' 172.16.119.22', '', 2, 3, 1, '2016-10-24 16:43:13', '2016-10-24 16:43:13', NULL),
(226, 'WILKIAS DA SILVA', 485306, '172.16.117.18', '', 3, 3, 3, '2016-10-24 16:43:13', '2016-10-24 16:43:13', NULL),
(227, 'TATIANE FERIGATTI', 31010002525, '172.16.121.122', '', 4, 3, 1, '2016-10-24 16:43:13', '2016-10-24 16:43:13', NULL),
(230, 'JERUSA BUBOLA', 31010002243, '172.16.121.123', '', 4, 3, 1, '2016-10-24 16:43:13', '2016-10-24 16:43:13', NULL),
(232, 'ERICA HELENA DA COSTA SCOTON', 31010003359, '172.16.108.8', '', 1, 3, 1, '2016-10-24 16:43:13', '2016-10-24 16:43:13', NULL),
(233, 'JAQUELINE', 31010002306, '172.16.119.15', '', 3, 3, 1, '2016-10-24 16:43:13', '2016-10-24 16:43:13', NULL),
(234, 'JOSE NELSON LABIGALINI', 31010001825, '172.16.121.124', '', 4, 3, 1, '2016-10-24 16:43:13', '2016-10-24 16:43:13', NULL),
(235, 'JESSICA DA CONCEICAO ', 31010003228, '10.200.33.23', '', 1, 3, 1, '2016-10-24 16:43:13', '2016-10-24 16:43:13', NULL),
(236, 'JúLIA', 31010002548, ' 172.16.119.20', '', 2, 3, 1, '2016-10-24 16:43:13', '2016-10-24 16:43:13', NULL),
(237, 'SAMARA ALINE DE JESUS JACOMETTI', 31010002431, ' 172.16.119.21', '', 2, 3, 1, '2016-10-24 16:43:13', '2016-10-24 16:43:13', NULL),
(241, 'LUCIANA SASSI', 31010002193, ' 172.16.119.27', '', 3, 3, 1, '2016-10-24 16:43:13', '2016-10-24 16:43:13', NULL),
(243, 'MARCELO FERRAZ MIQUILINI', 31010003264, '172.16.119.28', '', 3, 3, 1, '2016-10-24 16:43:13', '2016-10-24 16:43:13', NULL),
(249, 'DEISE', 31010002079, ' 172.16.119.17', '', 3, 3, 1, '2016-10-24 16:43:13', '2016-10-24 16:43:13', NULL),
(254, 'MARIA LUIZA FRACASSO', 31010003316, ' 172.16.119.17', '', 3, 3, 1, '2016-10-24 16:43:13', '2016-10-24 16:43:13', NULL),
(256, 'SOLANGE APARECIDA DOS SANTOS', 31010002588, ' 172.16.119.18', '', 3, 3, 1, '2016-10-24 16:43:13', '2016-10-24 16:43:13', NULL),
(258, 'RENATA DE CáSSIA PIETRAFEZA', 31010002392, ' 172.16.119.19', '', 3, 3, 1, '2016-10-24 16:43:13', '2016-10-24 16:43:13', NULL),
(260, 'ALINE ZULMIRA DA SILVA', 31010002832, '172.16.121.125', '', 4, 3, 1, '2016-10-24 16:43:13', '2016-10-24 16:43:13', NULL),
(262, 'NAIARA', 31010002453, '172.16.119.25', '', 3, 3, 1, '2016-10-24 16:43:13', '2016-10-24 16:43:13', NULL),
(263, 'MARA FERNANDA', 826928, '172.16.117.20', '', 3, 3, 3, '2016-10-24 16:43:13', '2016-10-24 16:43:13', NULL),
(265, 'CARLOS ALEXANDRE BUENO DE SOUZA', 31010001161, '172.16.121.126', '', 4, 3, 1, '2016-10-24 16:43:13', '2016-10-24 16:43:13', NULL),
(266, 'RAFAEL SOARES', 31010003025, '172.16.108.73', '', 1, 3, 1, '2016-10-24 16:43:13', '2016-10-24 16:43:13', NULL),
(267, 'RODOLFO SANCHES', 31010002703, ' 172.16.119.23', '', 2, 3, 1, '2016-10-24 16:43:13', '2016-10-24 16:43:13', NULL),
(270, 'GRAZIELA GARCIA', 31010003018, ' 172.16.108.9', '', 1, 3, 1, '2016-10-24 16:43:13', '2016-10-24 16:43:13', NULL),
(271, 'JULIANA BOSSO ROSSI', 31010003147, '172.16.119.24', '', 3, 3, 1, '2016-10-24 16:43:13', '2016-10-24 16:43:13', NULL),
(274, 'RENATO LOSMA OLBI ', 31010003480, '172.16.108.10', '', 1, 3, 1, '2016-10-24 16:43:13', '2016-10-24 16:43:13', NULL),
(277, 'CASSIANA REGINA RIBEIRO GRILO', 31010003435, '172.16.119.22', '', 3, 3, 1, '2016-10-24 16:43:13', '2016-10-24 16:43:13', NULL),
(278, 'TAMIRA', 31010002101, '172.16.119.23', '', 3, 3, 1, '2016-10-24 16:43:13', '2016-10-24 16:43:13', NULL),
(279, 'JOSÉ RICARDO GOMES FERREIRA', 3102938254, '172.16.121.147', '', 4, 3, 2, '2016-10-24 16:43:13', '2016-10-24 16:43:13', NULL),
(282, 'MATHEUS BERNARDES', 31010003105, '172.16.108.11', '', 1, 3, 1, '2016-10-24 16:43:13', '2016-10-24 16:43:13', NULL),
(283, 'LARISSA DAIANE POLETINI', 31010001463, '172.16.108.12', '', 1, 3, 1, '2016-10-24 16:43:13', '2016-10-24 16:43:13', NULL),
(285, 'TALITA FABIANA CARPANELLI', 31010002136, '172.16.119.21', '', 3, 3, 1, '2016-10-24 16:43:13', '2016-10-24 16:43:13', NULL),
(287, 'LETICIA DE LIMA', 31010001405, '172.16.121.127', '', 4, 3, 1, '2016-10-24 16:43:13', '2016-10-24 16:43:13', NULL),
(288, 'GEISA FARIA DE OLIVEIRA', 31010001718, '172.16.121.132', '', 4, 3, 1, '2016-10-24 16:43:13', '2016-10-24 16:43:13', NULL),
(290, 'TALITA FABIANA CARPANELLI', 31010002136, '172.16.119.26', '', 3, 3, 1, '2016-10-24 16:43:13', '2016-10-24 16:43:13', NULL),
(291, 'CAMILA MARIA MASSARI', 31010003305, '10.200.33.24', '', 1, 3, 1, '2016-10-24 16:43:13', '2016-10-24 16:43:13', NULL),
(292, 'PAOLA GOMES TEODORO', 31010002866, '10.200.33.25', '', 1, 3, 1, '2016-10-24 16:43:13', '2016-10-24 16:43:13', NULL),
(294, 'PEDRO HENRIQUE AYRES', 31010003405, ' 172.16.110.43', '', 1, 3, 1, '2016-10-24 16:43:13', '2016-10-24 16:43:13', NULL),
(299, 'ANDRE LUIS DE SOUZA', 31010003019, '10.200.33.26', '', 1, 3, 1, '2016-10-24 16:43:13', '2016-10-24 16:43:13', NULL),
(305, 'VIVIANE AP. BICCIGO BAPTISTA ', 31010003173, '172.16.108.72', '', 1, 3, 1, '2016-10-24 16:43:13', '2016-10-24 16:43:13', NULL),
(310, 'VIVIANE MAIA', 31010002385, '172.16.121.131', '', 4, 3, 1, '2016-10-24 16:43:13', '2016-10-24 16:43:13', NULL),
(313, 'RAFAEL AGOSTINHO DA SILVA', 31010002505, ' 172.16.119.24', '', 2, 3, 1, '2016-10-24 16:43:13', '2016-10-24 16:43:13', NULL),
(321, 'TANELISE BUENO DA SILVA', 31010002488, '172.16.121.130', '', 4, 3, 1, '2016-10-24 16:43:13', '2016-10-24 16:43:13', NULL),
(325, 'JUSLEI MORAES DA SILVA', 31010001318, '172.16.121.129', '', 4, 3, 1, '2016-10-24 16:43:13', '2016-10-24 16:43:13', NULL),
(327, 'RITA DE CASSIA BASTOS DA CRUZ OLIVEIRA', 31010002828, '172.16.121.128', '', 4, 3, 1, '2016-10-24 16:43:13', '2016-10-24 16:43:13', NULL),
(328, 'CRISTIANE VITORIO', 922722, ' 172.16.109.227', '', 1, 3, 3, '2016-10-24 16:43:13', '2016-10-24 16:43:13', NULL),
(329, 'FERNANDO VALLADARES KEMP', 142174, '172.16.109.49', '', 1, 3, 3, '2016-10-24 16:43:13', '2016-10-24 16:43:13', NULL),
(330, 'PROFESSOR RICARDO', 988154, '172.16.109.242', '', 1, 3, 3, '2016-10-24 16:43:13', '2016-10-24 16:43:13', NULL),
(331, 'ROSANA LUCIA FAVERO', 31010002682, '172.16.115.36', '', 2, 3, 1, '2016-10-24 16:43:13', '2016-10-24 16:43:13', NULL),
(332, 'TALITA', 31010002569, '172.16.119.29', '', 3, 3, 1, '2016-10-24 16:43:13', '2016-10-24 16:43:13', NULL),
(333, 'LAURA TEREZA RENZO', 31010002578, '172.16.119.30', '', 3, 3, 1, '2016-10-24 16:43:13', '2016-10-24 16:43:13', NULL),
(334, 'BIBIANO FRANCISCO ELOI JUNIOR', 3102985490, ' 172.16.121.148', '', 4, 3, 2, '2016-10-24 16:43:13', '2016-10-24 16:43:13', NULL),
(335, 'BRENDA WINY DOMINGUES', 31010002745, '172.16.121.133', '', 4, 3, 1, '2016-10-24 16:43:13', '2016-10-24 16:43:13', NULL),
(336, 'RAFAEL DE MORAES RIBEIRO', 31010001648, '172.16.121.134', '', 4, 3, 1, '2016-10-24 16:43:13', '2016-10-24 16:43:13', NULL),
(337, 'ADRIANA APARECIDA COLOÇO', 31010002283, '172.16.121.20', '', 4, 3, 1, '2016-10-24 16:43:13', '2016-10-24 16:43:13', NULL),
(338, 'KAYLAYNE FREITAS', 31010002366, ' 172.16.115.35', '', 2, 3, 1, '2016-10-24 16:43:13', '2016-10-24 16:43:13', NULL),
(339, 'SUELEN ', 31010002225, '172.16.119.31', '', 3, 3, 1, '2016-10-24 16:43:13', '2016-10-24 16:43:13', NULL),
(340, 'INGRID STEPHANIE BOSSO', 31010002746, '172.16.121.21', '', 4, 3, 1, '2016-10-24 16:43:13', '2016-10-24 16:43:13', NULL),
(341, 'THAIANE', 31010002083, '172.16.119.32', '', 3, 3, 1, '2016-10-24 16:43:13', '2016-10-24 16:43:13', NULL),
(342, 'JHULIELI DE MORAIS MANOEL ', 31010002769, ' 172.16.115.34', '', 2, 3, 1, '2016-10-24 16:43:13', '2016-10-24 16:43:13', NULL),
(343, 'ANDERSON ROGERIO MACIEL', 31010002438, '172.16.115.33', '', 2, 3, 1, '2016-10-24 16:43:13', '2016-10-24 16:43:13', NULL),
(344, 'LUCIANA GONçALVES PADAVINI', 31010002617, '172.16.121.19', '', 4, 3, 1, '2016-10-24 16:43:13', '2016-10-24 16:43:13', NULL),
(345, 'JOANA DARC MARIANO MARNTELLATO', 237000, '172.16.117.21', '', 3, 3, 3, '2016-10-24 16:43:13', '2016-10-24 16:43:13', NULL),
(346, 'ANTONIO LUCIANO FRANCATTO', 31010001137, '172.16.108.74', '', 1, 3, 1, '2016-10-24 16:43:13', '2016-10-24 16:43:13', NULL),
(347, 'SILVIA', 31010002405, ' 172.16.108.75', '', 1, 3, 1, '2016-10-24 16:43:13', '2016-10-24 16:43:13', NULL),
(349, 'ALINE CRISTINE PEREIRA', 31010002701, '172.16.119.34', '', 3, 3, 1, '2016-10-24 16:43:13', '2016-10-24 16:43:13', NULL),
(352, 'THOAGO DA SILVA FERREIRA', 31010003083, ' 172.16.108.76', '', 1, 3, 1, '2016-10-24 16:43:13', '2016-10-24 16:43:13', NULL),
(353, 'SUZAN', 31010002781, ' 172.16.119.33', '', 3, 3, 1, '2016-10-24 16:43:13', '2016-10-24 16:43:13', NULL),
(354, 'CRISLAINE EVELI DIAS', 31010003082, '172.16.108.77', '', 1, 3, 1, '2016-10-24 16:43:13', '2016-10-24 16:43:13', NULL),
(355, 'VANESSA', 31010002552, '172.16.108.78', '', 1, 3, 1, '2016-10-24 16:43:13', '2016-10-24 16:43:13', NULL),
(356, 'RENATO', 31010002227, '172.16.115.147', '', 2, 3, 1, '2016-10-24 16:43:13', '2016-10-24 16:43:13', NULL),
(357, 'CéSAR ROBERTO DA SILVA', 31010003394, ' 172.16.119.35', '', 3, 3, 1, '2016-10-24 16:43:13', '2016-10-24 16:43:13', NULL),
(358, 'JOSE ALBERTO BARRETTA MOINO NETO', 31010003473, ' 10.200.33.27', '', 1, 3, 1, '2016-10-24 16:43:13', '2016-10-24 16:43:13', NULL),
(359, 'ANA MARIA DAMAS', 31010002636, ' 172.16.108.79', '', 1, 3, 1, '2016-10-24 16:43:13', '2016-10-24 16:43:13', NULL),
(360, 'NATáLIA SATUTTI CONTRA MUNHOZ', 31010003499, ' 172.16.115.148', '', 2, 3, 1, '2016-10-24 16:43:13', '2016-10-24 16:43:13', NULL),
(361, 'ARIANE', 31010001196, '172.16.121.150', '', 4, 3, 1, '2016-10-24 16:43:13', '2016-10-24 16:43:13', NULL),
(362, 'AGNALDO JOSé KURIHARA', 31010002589, '172.16.121.149', '', 4, 3, 1, '2016-10-24 16:43:13', '2016-10-24 16:43:13', NULL),
(363, 'TâNIA CAROLINA CRUZ', 31010003365, ' 172.16.119.36', '', 3, 3, 1, '2016-10-24 16:43:13', '2016-10-24 16:43:13', NULL),
(364, 'ALEXANDER PANINI ', 31010002955, ' 172.16.115.149', '', 2, 3, 1, '2016-10-24 16:43:13', '2016-10-24 16:43:13', NULL),
(365, 'WESLEY MARQUES DE SOUZA', 31010002621, ' 172.16.115.150', '', 2, 3, 1, '2016-10-24 16:43:13', '2016-10-24 16:43:13', NULL),
(366, 'CAIO', 31010002276, ' 172.16.115.151', '', 2, 3, 1, '2016-10-24 16:43:13', '2016-10-24 16:43:13', NULL),
(367, 'RITA DE CASSIA DOMINGUES RIBEIRO DA CRUZ', 31010003222, '172.16.108.80', '', 1, 3, 1, '2016-10-24 16:43:13', '2016-10-24 16:43:13', NULL),
(368, 'MAURICIO ANSELMO REIS ', 31010003138, '172.16.108.81', '', 1, 3, 1, '2016-10-24 16:43:13', '2016-10-24 16:43:13', NULL),
(369, 'AMANDA MARIS MARTINS ', 31010001386, '10.200.33.28', '', 1, 3, 1, '2016-10-24 16:43:13', '2016-10-24 16:43:13', NULL),
(370, 'JOSIANE', 31010002939, '172.16.119.37', '', 3, 3, 1, '2016-10-24 16:43:13', '2016-10-24 16:43:13', NULL),
(371, 'NATALIA GONCALVES ROSSI', 31010003202, ' 172.16.119.38', '', 3, 3, 1, '2016-10-24 16:43:13', '2016-10-24 16:43:13', NULL),
(372, 'BRUNO BONASSA DE FREITAS', 31010002273, '172.16.115.152', '', 2, 3, 1, '2016-10-24 16:43:13', '2016-10-24 16:43:13', NULL),
(373, 'MARIANE HEBREIAS SILVEIRA', 31010003157, '172.16.119.39', '', 3, 3, 1, '2016-10-24 16:43:13', '2016-10-24 16:43:13', NULL),
(375, 'IVONETE SOUSA DA PAIXãO', 31010002288, ' 172.16.115.153', '', 2, 3, 1, '2016-10-24 16:43:13', '2016-10-24 16:43:13', NULL),
(376, 'CARLOS EDUARDO DE FREITAS MACHADO', 31010003482, ' 10.200.33.30', '', 1, 3, 1, '2016-10-24 16:43:13', '2016-10-24 16:43:13', NULL),
(377, 'ARIADNE ALINE DE GODOI', 31010002346, ' 172.16.121.151', '', 4, 3, 1, '2016-10-24 16:43:13', '2016-10-24 16:43:13', NULL),
(378, 'WILKIAS DA SILVA', 485306, '172.16.121.200', '', 4, 3, 3, '2016-10-24 16:43:13', '2016-10-24 16:43:13', NULL),
(379, 'LUCAS BUENO DE CARVALHO', 31010002177, '172.16.121.152', '', 4, 3, 1, '2016-10-24 16:43:13', '2016-10-24 16:43:13', NULL),
(380, 'ANA PAULA', 31010001381, ' 10.200.33.31', '', 1, 3, 1, '2016-10-24 16:43:13', '2016-10-24 16:43:13', NULL),
(381, 'PAULO ROBERTO DE OLIVEIRA', 31010002461, '172.16.108.82', '', 1, 3, 1, '2016-10-24 16:43:13', '2016-10-24 16:43:13', NULL),
(382, 'JÚLIA OSóRIO DE OLIVEIRA', 31010001186, ' 10.200.33.32', '', 1, 3, 1, '2016-10-24 16:43:13', '2016-10-24 16:43:13', NULL),
(383, 'JENIFER STEPHANIE DE OLIVEIRA PACHECO', 31010002270, ' 172.16.121.153', '', 4, 3, 1, '2016-10-24 16:43:13', '2016-10-24 16:43:13', NULL),
(384, 'ELIANE FORMIGAR PELOZO', 31010002618, ' 172.16.121.154', '', 4, 3, 1, '2016-10-24 16:43:13', '2016-10-24 16:43:13', NULL),
(385, 'MONIQUE APARECIDA PEREIRA', 31010002198, ' 172.16.121.155', '', 4, 3, 1, '2016-10-24 16:43:13', '2016-10-24 16:43:13', NULL),
(386, 'CAROLINE PARISI FERREIRA ALVES', 31010003495, '10.200.33.33', '', 1, 3, 1, '2016-10-24 16:43:13', '2016-10-24 16:43:13', NULL),
(387, 'THALYTA ALINE  CAVENAGHI', 31010002863, ' 172.16.108.83', '', 1, 3, 1, '2016-10-24 16:43:13', '2016-10-24 16:43:13', NULL),
(388, 'JULIEDER OLIVEIRA LINO', 31010003206, ' 172.16.115.154', '', 2, 3, 1, '2016-10-24 16:43:13', '2016-10-24 16:43:13', NULL),
(389, 'RICARDO ESTEVãO DA SILVA', 31010002968, ' 172.16.115.155', '', 2, 3, 1, '2016-10-24 16:43:13', '2016-10-24 16:43:13', NULL),
(390, 'DANILO MARQUES RAIMUNDO', 31010003234, ' 172.16.115.156', '', 2, 3, 1, '2016-10-24 16:43:13', '2016-10-24 16:43:13', NULL),
(391, 'CáSSIA APARECIDA BONATELLI INHANE', 31010003309, '10.200.33.34', '', 1, 3, 1, '2016-10-24 16:43:13', '2016-10-24 16:43:13', NULL),
(392, 'LUIS FELIPE TELINI SANTOS ', 31010001902, ' 10.200.33.35', '', 1, 3, 1, '2016-10-24 16:43:13', '2016-10-24 16:43:13', NULL),
(393, 'DEU-SE HELENA ORTOLAN', 31010002079, ' 172.16.119.40', '', 3, 3, 1, '2016-10-24 16:43:13', '2016-10-24 16:43:13', NULL),
(394, 'MARCELA', 31010002881, ' 10.200.35.35', '', 1, 3, 1, '2016-10-24 16:43:13', '2016-10-24 16:43:13', NULL),
(395, 'ROVILSON', 31010003171, ' 10.200.33.36', '', 1, 3, 1, '2016-10-24 16:43:13', '2016-10-24 16:43:13', NULL),
(396, 'CARLA SANTOS ', 31010003399, ' 172.16.108.85', '', 1, 3, 1, '2016-10-24 16:43:13', '2016-10-24 16:43:13', NULL),
(397, 'TAIS MENONCELLO NORA', 31010003022, ' 10.200.33.37', '', 1, 3, 1, '2016-10-24 16:43:13', '2016-10-24 16:43:13', NULL),
(398, 'THAMIRIS DA SILVA', 31010003119, ' 172.16.108.86', '', 1, 3, 1, '2016-10-24 16:43:13', '2016-10-24 16:43:13', NULL),
(399, 'INAYRA DA SILVEIRA BARROSO ', 31010003044, ' 172.16.108.87', '', 1, 3, 1, '2016-10-24 16:43:13', '2016-10-24 16:43:13', NULL),
(400, 'PAOLA MALVAZZO DE ALMEIDA RODRIGUES LIMA', 31010001358, ' 172.16.108.88', '', 1, 3, 1, '2016-10-24 16:43:13', '2016-10-24 16:43:13', NULL),
(402, 'NATáLIA SATUTTI CONTRA MUNHOZ', 31010003499, ' 172.16.108.84', '', 1, 3, 1, '2016-10-24 16:43:13', '2016-10-24 16:43:13', NULL),
(403, 'FERNANDO VALLADARES KEMP', 142174, ' 172.16.109.50', '', 1, 3, 3, '2016-10-24 16:43:13', '2016-10-24 16:43:13', NULL),
(405, 'JULIA NOGUEIRA MIQUILINI', 31010003283, ' 172.16.121.156', '', 4, 3, 1, '2016-10-24 16:43:13', '2016-10-24 16:43:13', NULL),
(406, 'MARCIA HELENA S SALVI', 31010003484, ' 172.16.115.157', '', 2, 3, 1, '2016-10-24 16:43:13', '2016-10-24 16:43:13', NULL),
(407, 'MAURICIO ANSELMO REIS', 31010003138, ' 172.16.115.158', '', 2, 3, 1, '2016-10-24 16:43:13', '2016-10-24 16:43:13', NULL),
(408, 'THAíSA', 31010002009, ' 172.16.119.41', '', 3, 3, 1, '2016-10-24 16:43:13', '2016-10-24 16:43:13', NULL),
(409, 'ANA CAROLINA', 31010002122, ' 172.16.119.43', '', 3, 3, 1, '2016-10-24 16:43:13', '2016-10-24 16:43:13', NULL),
(410, 'RONALDO', 31010003192, ' 172.16.115.159', '', 2, 3, 1, '2016-10-24 16:43:13', '2016-10-24 16:43:13', NULL),
(411, 'CRISLAINE EVELI DIAS', 31010003082, ' 172.16.115.160', '', 2, 3, 1, '2016-10-24 16:43:13', '2016-10-24 16:43:13', NULL),
(412, 'JHENNIFER STEFANY DA SILVA', 31010003408, ' 172.16.115.161', '', 2, 3, 1, '2016-10-24 16:43:13', '2016-10-24 16:43:13', NULL),
(414, 'ANA PAULA', 31010001381, ' 10.200.33.38', '', 1, 3, 1, '2016-10-24 16:43:13', '2016-10-24 16:43:13', NULL),
(415, 'HITALO GOMES DE ARAUJO SILVA ', 31010003065, '172.16.108.89', '', 1, 3, 1, '2016-10-24 16:43:13', '2016-10-24 16:43:13', NULL),
(416, 'GABRIELA  FEREZ', 31010002961, '172.16.108.90', '', 1, 3, 1, '2016-10-24 16:43:13', '2016-10-24 16:43:13', NULL),
(417, 'FABIANA AVELINO ', 31010001934, ' 172.16.119.42', '', 3, 3, 1, '2016-10-24 16:43:13', '2016-10-24 16:43:13', NULL),
(420, 'VANESSA MELLO', 548251, '10.200.32.95', '', 1, 3, 3, '2016-10-24 16:43:13', '2016-10-24 16:43:13', NULL),
(421, 'ANDERSON BINO', 31010001001, '172.16.108.91', '', 1, 3, 1, '2016-10-24 16:43:13', '2016-10-24 16:43:13', NULL),
(422, 'ANDERSON BINO', 31010001001, '172.16.108.92', '', 1, 3, 1, '2016-10-24 16:43:13', '2016-10-24 16:43:13', NULL),
(423, 'RHAIFE ALEXSSANDER BRIANTI', 31010002962, '172.16.108.93', '', 1, 3, 1, '2016-10-24 16:43:13', '2016-10-24 16:43:13', NULL),
(424, 'CRISTIANE', 31010002434, '172.16.115.163', '', 2, 3, 1, '2016-10-24 16:43:13', '2016-10-24 16:43:13', NULL),
(425, 'CARLOS EDUARDO TAVARES', 31010003312, '10.200.33.39', '', 1, 3, 1, '2016-10-24 16:43:13', '2016-10-24 16:43:13', NULL),
(426, 'DAVID', 31010002084, '172.16.108.94', '', 1, 3, 1, '2016-10-24 16:43:13', '2016-10-24 16:43:13', NULL),
(428, 'NATALIA APARECIDA MOMESSO MOREIRA', 31010003392, ' 172.16.119.44', '', 3, 3, 1, '2016-10-24 16:43:13', '2016-10-24 16:43:13', NULL),
(429, 'JOSé MARCOS ROMãO JUNIOR', 3102030945, '172.16.121.201', '', 4, 3, 2, '2016-10-24 16:43:13', '2016-10-24 16:43:13', NULL),
(430, 'JHENNIFER STEFANY DA SILVA', 31010003408, '172.16.108.95', '', 1, 3, 1, '2016-10-24 16:43:13', '2016-10-24 16:43:13', NULL),
(431, 'ADRIANO MESSIAS TAVARES', 31010003213, '172.16.108.96', '', 1, 3, 1, '2016-10-24 16:43:13', '2016-10-24 16:43:13', NULL),
(433, 'ANA PAULA APARECIDA MARCONDES DE LIMA', 31010003307, ' 10.200.33.40', '', 1, 3, 1, '2016-10-24 16:43:13', '2016-10-24 16:43:13', NULL),
(435, 'KAREN REGE CATINI', 3101002406, ' 172.16.115.164', '', 2, 3, 1, '2016-10-24 16:43:13', '2016-10-24 16:43:13', NULL),
(436, 'ANA MARIA DE ALMEIDA GOMES', 31010002042, ' 172.16.108.97', '', 1, 3, 1, '2016-10-24 16:43:13', '2016-10-24 16:43:13', NULL),
(437, 'ALINE RENATA MARQUES', 31010002870, '172.16.121.158', '', 4, 3, 1, '2016-10-24 16:43:13', '2016-10-24 16:43:13', NULL),
(438, 'WILLIAM ANTONIO ZACARIOTTO ', 310159360, ' 172.16.117.14', '', 3, 3, 1, '2016-10-24 16:43:13', '2016-10-24 16:43:13', NULL),
(439, 'SILMARA', 31010002102, '172.16.119.45', '', 3, 3, 1, '2016-10-24 16:43:13', '2016-10-24 16:43:13', NULL),
(441, 'CARMEN MYRELLA APARECIDA DOS SANTOS', 31010003447, '172.16.115.166', '', 2, 3, 1, '2016-10-24 16:43:13', '2016-10-24 16:43:13', NULL),
(442, 'GABRIEL FRANCELINO DO COUTO', 31010002245, ' 172.16.121.159', '', 4, 3, 1, '2016-10-24 16:43:13', '2016-10-24 16:43:13', NULL),
(444, 'TAMIRES CRISTINA DE OLIVEIRA ', 31010003445, ' 172.16.119.46', '', 3, 3, 1, '2016-10-24 16:43:13', '2016-10-24 16:43:13', NULL),
(445, 'LILIAN CRUZ', 31010003029, ' 172.16.119.47', '', 3, 3, 1, '2016-10-24 16:43:13', '2016-10-24 16:43:13', NULL),
(446, 'NICOLE CRISTINA TELLINI DO PRADO', 31010001206, '172.16.108.101', '', 1, 3, 1, '2016-10-24 16:43:13', '2016-10-24 16:43:13', NULL),
(447, 'PAULO ROGéRIO CAVENAGHI', 101168, '172.16.109.126', '', 1, 3, 3, '2016-10-24 16:43:13', '2016-10-24 16:43:13', NULL),
(448, 'CAROLINE MARIE ANNE KLETTENHOFER', 31010000492, ' 172.16.108.102', '', 1, 3, 1, '2016-10-24 16:43:13', '2016-10-24 16:43:13', NULL),
(449, 'MARCELA', 31010002881, ' 10.200.33.42', '', 1, 3, 1, '2016-10-24 16:43:13', '2016-10-24 16:43:13', NULL),
(450, 'RONALDO DOS SANTOS VITORIO', 31010000656, ' 172.16.108.103', '', 1, 3, 1, '2016-10-24 16:43:13', '2016-10-24 16:43:13', NULL),
(451, 'MAYARA PERES DE CARVALHO', 31010001202, ' 10.200.33.43', '', 1, 3, 1, '2016-10-24 16:43:13', '2016-10-24 16:43:13', NULL),
(452, 'VANIA', 31010000847, '172.16.108.104', '', 1, 3, 1, '2016-10-24 16:43:13', '2016-10-24 16:43:13', NULL),
(453, 'LINCONL CAVALCANTI FERNANDES', 31010003409, '172.16.119.48', '', 3, 3, 1, '2016-10-24 16:43:13', '2016-10-24 16:43:13', NULL),
(454, 'TAINá MAIA GATTEI', 31010002379, ' 172.16.108.100', '', 1, 3, 1, '2016-10-24 16:43:13', '2016-10-24 16:43:13', NULL),
(455, 'JULYA TAVARES DA SILVA', 31010001671, ' 172.16.119.49', '', 3, 3, 1, '2016-10-24 16:43:13', '2016-10-24 16:43:13', NULL),
(456, 'LEANDRO FABIO DUARTE', 31010002343, ' 172.16.121.160', '', 4, 3, 1, '2016-10-24 16:43:13', '2016-10-24 16:43:13', NULL),
(457, 'OTáVIO BENEDITO DE TOLEDO', 31010002180, '10.200.33.41', '', 1, 3, 1, '2016-10-24 16:43:13', '2016-10-24 16:43:13', NULL),
(458, 'MAYARA CRISTINA LOPES', 31010002632, '172.16.115.167', '', 2, 3, 1, '2016-10-24 16:43:13', '2016-10-24 16:43:13', NULL),
(459, 'ALAN DE TOLEDO FELIPPIN', 31010002171, '172.16.108.105', '', 1, 3, 1, '2016-10-24 16:43:13', '2016-10-24 16:43:13', NULL),
(460, 'MIRIAM MOREIRA LIMA BONELLI', 31010002524, '172.16.119.50', '', 3, 3, 1, '2016-10-24 16:43:13', '2016-10-24 16:43:13', NULL),
(461, 'JADE ', 31010002497, '172.16.119.51', '', 3, 3, 1, '2016-10-24 16:43:13', '2016-10-24 16:43:13', NULL),
(462, 'ANA MARIA DAMAD', 31010002636, ' 172.16.119.52', '', 3, 3, 1, '2016-10-24 16:43:13', '2016-10-24 16:43:13', NULL),
(463, 'LIVIA', 31010002550, ' 172.16.119.53', '', 3, 3, 1, '2016-10-24 16:43:13', '2016-10-24 16:43:13', NULL),
(464, 'LUCAS IAMARINO BAREL', 31010002325, ' 172.16.115.168', '', 2, 3, 1, '2016-10-24 16:43:13', '2016-10-24 16:43:13', NULL),
(465, 'KARIN MOURA', 31010002759, ' 172.16.121.161', '', 4, 3, 1, '2016-10-24 16:43:13', '2016-10-24 16:43:13', NULL),
(467, 'YASMIN MAGIORI', 160564, ' 10.200.32.31', '', 1, 3, 3, '2016-10-24 16:43:13', '2016-10-24 16:43:13', NULL),
(468, 'PATRICIA FONSECA COSTA', 3102501395, ' 10.200.32.117', '', 1, 3, 2, '2016-10-24 16:43:13', '2016-10-24 16:43:13', NULL),
(469, 'RHAIFE ALEXSSANDER BRIANTI', 31010002962, '172.16.115.169', '', 2, 3, 1, '2016-10-24 16:43:13', '2016-10-24 16:43:13', NULL),
(470, 'TAIS  EDUARDA   DELGADO ', 31010003191, '172.16.115.170', '', 2, 3, 1, '2016-10-24 16:43:13', '2016-10-24 16:43:13', NULL),
(471, 'BRUNO RAFAEL RODRIGUES', 31010002203, '172.16.115.171', '', 2, 3, 1, '2016-10-24 16:43:13', '2016-10-24 16:43:13', NULL),
(472, 'MILTON PEDRO PEREIRA JUNIOR', 31010002110, ' 172.16.121.162', '', 4, 3, 1, '2016-10-24 16:43:13', '2016-10-24 16:43:13', NULL),
(475, 'TAINá MAIA GATTEI', 31010002379, '172.16.115.172', '', 2, 3, 1, '2016-10-24 16:43:13', '2016-10-24 16:43:13', NULL),
(477, 'MARIELE LEANDRO CRUZ', 31010001986, ' 172.16.121.163', '', 4, 3, 1, '2016-10-24 16:43:13', '2016-10-24 16:43:13', NULL),
(478, 'RONALDO DA SILVA SANTOS', 31010003192, ' 10.200.33.44', '', 1, 3, 1, '2016-10-24 16:43:13', '2016-10-24 16:43:13', NULL),
(479, 'VANILDA', 31010003338, ' 172.16.108.107', '', 1, 3, 1, '2016-10-24 16:43:13', '2016-10-24 16:43:13', NULL),
(480, 'TAYANNE FERREIRA DOS SANTOS', 3101, ' 10.200.33.45', '', 1, 3, 1, '2016-10-24 16:43:13', '2016-10-24 16:43:13', NULL),
(481, 'WESLEY LIMA DE OLIVEIRA', 31010001713, ' 172.16.121.164', '', 4, 3, 1, '2016-10-24 16:43:13', '2016-10-24 16:43:13', NULL),
(482, 'RONALDO DA SILVA SANTOS', 31010003192, ' 10.200.33.46', '', 1, 3, 1, '2016-10-24 16:43:13', '2016-10-24 16:43:13', NULL),
(483, 'JULIANA NATALI OLBI', 31010002230, ' 172.16.121.165', '', 4, 3, 1, '2016-10-24 16:43:13', '2016-10-24 16:43:13', NULL),
(484, 'TALITA FABIANA CARPANELLI', 31010002136, '172.16.108.106', '', 1, 3, 1, '2016-10-24 16:43:13', '2016-10-24 16:43:13', NULL),
(485, 'LUIS ADRIANO PELEGRINO', 31010002972, ' 172.16.115.173', '', 2, 3, 1, '2016-10-24 16:43:13', '2016-10-24 16:43:13', NULL),
(486, 'PEDRO HENRIQUE AYRES', 31010003405, ' 10.200.33.47', '', 1, 3, 1, '2016-10-24 16:43:13', '2016-10-24 16:43:13', NULL),
(487, 'WILLIAM ANTONIO ZACARIOTTO ', 3101513890, ' 172.16.113.128', '', 2, 3, 1, '2016-10-24 16:43:13', '2016-10-24 16:43:13', NULL),
(488, 'CRISLAINE EVELI DIAS', 31010003082, ' 10.200.33.48', '', 1, 3, 1, '2016-10-24 16:43:13', '2016-10-24 16:43:13', NULL),
(489, 'TAMARA', 31010003422, '172.16.119.54', '', 3, 3, 1, '2016-10-24 16:43:13', '2016-10-24 16:43:13', NULL),
(490, 'ANDRé MONTEIRO SCHLITTLER', 31010002016, ' 10.200.33.49', '', 1, 3, 1, '2016-10-24 16:43:13', '2016-10-24 16:43:13', NULL),
(491, 'JOãO GUILHERME  BARTOLOMEI RIBEIRO GARCIA', 31010002258, ' 172.16.115.174', '', 2, 3, 1, '2016-10-24 16:43:13', '2016-10-24 16:43:13', NULL),
(492, 'VITOR LACERDA', 31010003233, ' 172.16.115.175', '', 2, 3, 1, '2016-10-24 16:43:13', '2016-10-24 16:43:13', NULL),
(493, 'ARIADNE ALINE DE GODOI', 31010002346, ' 10.200.33.50', '', 1, 3, 1, '2016-10-24 16:43:13', '2016-10-24 16:43:13', NULL),
(494, 'ROBERTA DA SILVEIRA', 31010002242, '172.16.119.55', '', 3, 3, 1, '2016-10-24 16:43:13', '2016-10-24 16:43:13', NULL),
(495, 'OTáVIO BENEDITO DE TOLEDO', 31010002180, ' 172.16.110.108', '', 1, 3, 1, '2016-10-24 16:43:13', '2016-10-24 16:43:13', NULL),
(496, 'NATáLIA SATUTTI CONTRA MUNHOZ', 31010003499, ' 10.200.33.51', '', 1, 3, 1, '2016-10-24 16:43:13', '2016-10-24 16:43:13', NULL),
(497, 'LINCONL CAVALCANTI FERNANDES', 31010003409, '172.16.119.56', '', 3, 3, 1, '2016-10-24 16:43:13', '2016-10-24 16:43:13', NULL),
(498, 'DANIELA', 31010002519, ' 172.16.119.57', '', 3, 3, 1, '2016-10-24 16:43:13', '2016-10-24 16:43:13', NULL),
(499, 'JONATHAS', 938513, '172.16.117.22', '', 3, 3, 3, '2016-10-24 16:43:13', '2016-10-24 16:43:13', NULL),
(500, 'TONI', 31010001610, ' 172.16.108.109', '', 1, 3, 1, '2016-10-24 16:43:13', '2016-10-24 16:43:13', NULL),
(501, 'JULIA GRAZIELA POMPEU', 31010002195, ' 172.16.115.176', '', 2, 3, 1, '2016-10-24 16:43:13', '2016-10-24 16:43:13', NULL),
(502, 'PRISCILA REGINA MARQUêS GONCALVES', 31010002284, ' 172.16.115.177', '', 2, 3, 1, '2016-10-24 16:43:13', '2016-10-24 16:43:13', NULL),
(503, 'MARCUS VINICIUS CRISTOVAO', 31010000518, '10.200.33.55', '', 1, 3, 1, '2016-10-24 16:43:13', '2016-10-24 16:43:13', NULL),
(504, 'JúLIA ', 31010000587, ' 172.16.119.58', '', 3, 3, 1, '2016-10-24 16:43:13', '2016-10-24 16:43:13', NULL),
(505, 'MARIANA', 31010001978, ' 172.16.119.59', '', 3, 3, 1, '2016-10-24 16:43:13', '2016-10-24 16:43:13', NULL),
(506, 'THIAGO MARTINS CAROLINO', 31010002734, '172.16.115.32', '', 2, 3, 1, '2016-10-24 16:43:13', '2016-10-24 16:43:13', NULL),
(507, 'MARCELO', 31010003252, ' 172.16.119.60', '', 3, 3, 1, '2016-10-24 16:43:13', '2016-10-24 16:43:13', NULL),
(508, 'ANDERSON RAFAEL MASSARI', 31010003289, ' 172.16.119.61', '', 3, 3, 1, '2016-10-24 16:43:13', '2016-10-24 16:43:13', NULL),
(509, 'ANA PAULA JACINTO', 31010001980, ' 172.16.108.112', '', 1, 3, 1, '2016-10-24 16:43:13', '2016-10-24 16:43:13', NULL),
(510, 'BRENDA ALINE LAZARI', 31010003057, '172.16.115.31', '', 2, 3, 1, '2016-10-24 16:43:13', '2016-10-24 16:43:13', NULL),
(511, 'BRUNA DE ALMEIDA BERNARDES', 31010002739, ' 172.16.119.62', '', 3, 3, 1, '2016-10-24 16:43:13', '2016-10-24 16:43:13', NULL),
(512, 'ANDRESSA APARECIDA LELLIS DE SOUZA', 31010002893, ' 172.16.115.30', '', 2, 3, 1, '2016-10-24 16:43:13', '2016-10-24 16:43:13', NULL),
(513, 'MARINA ', 31010002522, ' 172.16.115.29', '', 2, 3, 1, '2016-10-24 16:43:13', '2016-10-24 16:43:13', NULL),
(514, 'JOSé AUGUSTO DE OLIVEIRA CARVALHO', 31010002834, ' 172.16.108.110', '', 1, 3, 1, '2016-10-24 16:43:13', '2016-10-24 16:43:13', NULL),
(515, 'PAULO JOSé CALIL', 31010000107, ' 172.16.108.111', '', 1, 3, 1, '2016-10-24 16:43:13', '2016-10-24 16:43:13', NULL),
(516, 'JOSé AUGUSTO DE OLIVEIRA CARVALHO', 31010002834, ' 10.200.33.57', '', 1, 3, 1, '2016-10-24 16:43:13', '2016-10-24 16:43:13', NULL),
(517, 'PEDRO HENRIQUE AYRES', 31010003405, ' 172.16.115.28', '', 2, 3, 1, '2016-10-24 16:43:13', '2016-10-24 16:43:13', NULL),
(518, 'PAULO JOSé CALIL', 31010000107, '10.200.33.58', '', 1, 3, 1, '2016-10-24 16:43:13', '2016-10-24 16:43:13', NULL),
(519, 'VANILDA', 31010003338, '172.16.108.113', '', 1, 3, 1, '2016-10-24 16:43:13', '2016-10-24 16:43:13', NULL),
(520, 'PAULO JOSE VENTURINI DE OLIVEIRA', 932159, '10.200.33.200', '', 1, 3, 3, '2016-10-24 16:43:13', '2016-10-24 16:43:13', NULL),
(521, 'ANA PAULA', 31010001381, '172.16.108.114', '', 1, 3, 1, '2016-10-24 16:43:13', '2016-10-24 16:43:13', NULL),
(523, 'CíCERO HENRIQUE RIBEIRO BATISTA ', 31010003232, ' 172.16.115.27', '', 2, 3, 1, '2016-10-24 16:43:13', '2016-10-24 16:43:13', NULL),
(524, 'LARISSA FREITAS', 31010003427, ' 172.16.112.2', '', 2, 3, 1, '2016-10-24 16:43:13', '2016-10-24 16:43:13', NULL),
(525, 'MáRCIO VIEIRA MAGALHãES JUNIOR', 31010003432, '172.16.115.2', '', 1, 3, 1, '2016-10-24 16:43:13', '2016-10-24 16:43:13', NULL),
(526, 'JOSé AUGUSTO DE OLIVEIRA CARVALHO ', 31010002834, ' 172.16.108.4', '', 1, 3, 1, '2016-10-24 16:43:13', '2016-10-24 16:43:13', NULL),
(527, 'FERNANDA APARECIDA DE LIMA', 31010003033, '172.16.108.5', '', 1, 3, 1, '2016-10-24 16:43:13', '2016-10-24 16:43:13', NULL),
(529, 'JUSSARA', 31010003433, '172.16.108.6', '', 1, 3, 1, '2016-10-24 16:43:13', '2016-10-24 16:43:13', NULL),
(530, 'ISABELA CRISTINA DA SILVA', 31010001742, ' 172.16.119.63', '', 3, 3, 1, '2016-10-24 16:43:13', '2016-10-24 16:43:13', NULL),
(531, 'GABRIELA SANTOS CONCEIçãO', 31010002586, '172.16.115.10', '', 2, 3, 1, '2016-10-24 16:43:13', '2016-10-24 16:43:13', NULL),
(532, 'SILVIA HELENA PEDROSO ', 923028, '10.200.32.12', '', 1, 3, 3, '2016-10-24 16:43:13', '2016-10-24 16:43:13', NULL),
(534, 'LUCIANA PRISCILA TORRETI', 247774, ' 10.200.32.14', '', 1, 3, 3, '2016-10-24 16:43:13', '2016-10-24 16:43:13', NULL),
(535, 'EVERTON LUIS JESUINO', 31010000682, '172.16.115.11', '', 2, 3, 1, '2016-10-24 16:43:13', '2016-10-24 16:43:13', NULL),
(536, 'JOSE RICARDO GOMES FERREIRA', 3102988154, '172.16.121.220', '', 4, 3, 2, '2016-10-24 16:43:13', '2016-10-24 16:43:13', NULL),
(537, 'ALYNNE', 31010003212, '172.16.119.64', '', 3, 3, 1, '2016-10-24 16:43:13', '2016-10-24 16:43:13', NULL),
(538, 'ALISSON BRUNO', 31010002278, '172.16.121.23', '', 4, 3, 1, '2016-10-24 16:43:13', '2016-10-24 16:43:13', NULL),
(539, 'JULIE ANE RAMOS', 31010002305, '172.16.115.12', '', 2, 3, 1, '2016-10-24 16:43:13', '2016-10-24 16:43:13', NULL),
(540, 'CAMILA RAMOS', 31010002400, '172.16.115.13', '', 2, 3, 1, '2016-10-24 16:43:13', '2016-10-24 16:43:13', NULL),
(541, ' FLáVIO HENRIQUE ALVES', 31010003030, '172.16.115.14', '', 2, 3, 1, '2016-10-24 16:43:13', '2016-10-24 16:43:13', NULL),
(542, 'JULIA PEREIRA DOS SANTOS', 31010003446, '172.16.119.65', '', 3, 3, 1, '2016-10-24 16:43:13', '2016-10-24 16:43:13', NULL),
(543, 'ANGELA. CRISTINA DE ANDRADE', 31010002253, ' 172.16.108.7', '', 1, 3, 1, '2016-10-24 16:43:13', '2016-10-24 16:43:13', NULL),
(544, 'THAIS CAROLINE DE GODOI', 31010003270, '172.16.108.58', '', 1, 3, 1, '2016-10-24 16:43:13', '2016-10-24 16:43:13', NULL),
(545, 'MAURO MARCHIORI JUNIOR', 31010001885, ' 172.16.121.24', '', 4, 3, 1, '2016-10-24 16:43:13', '2016-10-24 16:43:13', NULL),
(546, 'JHENIEIRE GOIS TEODORO ', 31010001970, '10.200.33.59', '', 1, 3, 1, '2016-10-24 16:43:13', '2016-10-24 16:43:13', NULL),
(547, 'LUIS FELIPE TELINI SANTOS ', 31010001902, ' 172.16.108.57', '', 1, 3, 1, '2016-10-24 16:43:13', '2016-10-24 16:43:13', NULL),
(550, 'EVANDRO SEBASTIAO DA SILVA', 31019322888, '172.16.108.3', '', 1, 3, 1, '2016-10-24 16:43:13', '2016-10-24 16:43:13', NULL),
(552, 'WESLEY HENRIQUE ZACARIOTTO', 995053, '172.16.113.80', '', 2, 3, 3, '2016-10-24 16:43:13', '2016-10-24 16:43:13', NULL),
(553, 'CECíLIA NOGUEIRA STEFANINI', 895520, '10.200.32.119', '', 1, 3, 3, '2016-10-24 16:43:13', '2016-10-24 16:43:13', NULL),
(554, 'CAMILA', 31010002362, ' 172.16.115.19', '', 2, 3, 1, '2016-10-24 16:43:13', '2016-10-24 16:43:13', NULL),
(555, 'THIERS VERNUCCI', 31010001936, '10.200.33.60', '', 1, 3, 1, '2016-10-24 16:43:13', '2016-10-24 16:43:13', NULL),
(556, 'HITALO GOMES DE ARAUJO SILVA ', 31010003065, ' 172.16.115.20', '', 2, 3, 1, '2016-10-24 16:43:13', '2016-10-24 16:43:13', NULL),
(557, 'BRUNA CHRISTINA JODAS POSTIGO ', 31010003145, ' 172.16.119.66', '', 3, 3, 1, '2016-10-24 16:43:13', '2016-10-24 16:43:13', NULL),
(559, 'RAFAEL SOARES MITTESTAINER', 31010003025, ' 10.200.32.61', '', 1, 3, 1, '2016-10-24 16:43:13', '2016-10-24 16:43:13', NULL),
(560, 'FABIO BORGES DE OLIVEIRA', 3102732761, '10.200.32.123', '', 1, 3, 2, '2016-10-24 16:43:13', '2016-10-24 16:43:13', NULL),
(561, 'BRUNA ', 31010002959, ' 172.16.119.67', '', 3, 3, 1, '2016-10-24 16:43:13', '2016-10-24 16:43:13', NULL),
(563, 'NATáLIA GONçALVES ROSSI', 31010003202, ' 172.16.119.68', '', 3, 3, 1, '2016-10-24 16:43:13', '2016-10-24 16:43:13', NULL),
(564, 'FRANCIELE CANOLA', 31010003256, ' 172.16.119.69', '', 3, 3, 1, '2016-10-24 16:43:13', '2016-10-24 16:43:13', NULL),
(565, 'RAFAEL AGOSTINHO DA SILVA', 31010002505, '172.16.108.115', '', 1, 3, 1, '2016-10-24 16:43:13', '2016-10-24 16:43:13', NULL),
(567, 'ELIANA TENóRIO DE FARIA', 3102938254, '172.16.109.249', '', 1, 3, 2, '2016-10-24 16:43:13', '2016-10-24 16:43:13', NULL),
(568, 'BRUNO RAFAEL RODRIGUES', 31010002203, '172.16.108.116', '', 1, 3, 1, '2016-10-24 16:43:13', '2016-10-24 16:43:13', NULL),
(569, 'LILLIAN SARTORATO', 31010002196, ' 172.16.108.117', '', 1, 3, 1, '2016-10-24 16:43:13', '2016-10-24 16:43:13', NULL),
(570, 'LUCAS MURILO DE LIMA SILVA', 31010002967, '172.16.108.119', '', 1, 3, 1, '2016-10-24 16:43:13', '2016-10-24 16:43:13', NULL),
(571, 'FERNANDO RODRIGUES CAMELO', 31010003436, '10.200.33.62', '', 1, 3, 1, '2016-10-24 16:43:13', '2016-10-24 16:43:13', NULL),
(572, 'JONATHAS', 938513, '172.16.109.76', '', 1, 3, 3, '2016-10-24 16:43:13', '2016-10-24 16:43:13', NULL),
(574, 'DANILO', 31010002207, '172.16.115.21', '', 2, 3, 1, '2016-10-24 16:43:13', '2016-10-24 16:43:13', NULL),
(575, 'BEATRIZ', 31010003398, '172.16.109.77', '', 1, 3, 1, '2016-10-24 16:43:13', '2016-10-24 16:43:13', NULL),
(576, 'MARCELO', 31010003252, '172.16.109.78', '', 1, 3, 1, '2016-10-24 16:43:13', '2016-10-24 16:43:13', NULL),
(577, 'WELLINGTON', 31010003117, ' 172.16.109.80', '', 1, 3, 1, '2016-10-24 16:43:13', '2016-10-24 16:43:13', NULL),
(578, 'MONIQUE APARECIDA PEREIRA', 31010002198, ' 172.16.109.81', '', 1, 3, 1, '2016-10-24 16:43:13', '2016-10-24 16:43:13', NULL),
(579, 'MARIELE MARIANO ALVES', 31010002417, ' 172.16.108.118', '', 1, 3, 1, '2016-10-24 16:43:13', '2016-10-24 16:43:13', NULL),
(580, 'ARIANE PELATIERO DE GODóI ', 31010003339, ' 172.16.110.171', '', 1, 2, 1, '2016-10-24 16:43:13', '2016-10-24 16:43:13', NULL),
(581, 'YSLAN MAPELLI TEIXEIRA', 31010002877, '10.200.32.97', '', 1, 3, 1, '2016-10-24 16:43:13', '2016-10-24 16:43:13', NULL),
(582, 'CAROLONE BEATRIZ BENTO FRANCO', 31010003417, '10.200.32.94', '', 1, 3, 1, '2016-10-24 16:43:13', '2016-10-24 16:43:13', NULL),
(583, 'JOIC', 31010001814, '172.16.109.79', '', 1, 3, 1, '2016-10-24 16:43:13', '2016-10-24 16:43:13', NULL),
(584, 'PATRICIA DOS SANTOS', 31010003010, ' 172.16.119.69', '', 3, 3, 1, '2016-10-24 16:43:13', '2016-10-24 16:43:13', NULL),
(585, 'FRANCIELE DE OLIVEIRA BARSOTTINI', 31010002891, ' 172.16.119.70', '', 3, 3, 1, '2016-10-24 16:43:13', '2016-10-24 16:43:13', NULL),
(588, 'JESSICA MARIA', 31010000499, ' 172.16.108.120', '', 1, 3, 1, '2016-10-24 16:43:13', '2016-10-24 16:43:13', NULL),
(589, 'DAVID', 31010002084, ' 172.16.108.131', '', 1, 3, 1, '2016-10-24 16:43:13', '2016-10-24 16:43:13', NULL),
(590, 'HANNA KAROLINA SILVA AGUIAR DONATO', 31010003505, ' 172.16.115.180', '', 2, 3, 1, '2016-10-24 16:43:13', '2016-10-24 16:43:13', NULL),
(591, 'MALU', 31010001690, ' 172.16.108.130', '', 1, 3, 1, '2016-10-24 16:43:13', '2016-10-24 16:43:13', NULL),
(592, 'DOUGLAS FERNANDO DE OLIVEIRA IGIDIO', 31010003032, ' 172.16.115.181', '', 2, 3, 1, '2016-10-24 16:43:13', '2016-10-24 16:43:13', NULL),
(593, 'JHULIELI DE MORAIS MANOEL ', 31010002769, ' 172.16.108.129', '', 1, 3, 1, '2016-10-24 16:43:13', '2016-10-24 16:43:13', NULL),
(594, 'DéBORA ASSIS FERRAZ', 31010001917, ' 10.200.32.107', '', 1, 3, 1, '2016-10-24 16:43:13', '2016-10-24 16:43:13', NULL),
(595, 'JOSé RENATO', 31010002350, ' 172.16.108.128', '', 1, 3, 1, '2016-10-24 16:43:13', '2016-10-24 16:43:13', NULL),
(596, 'CAROLINE ROUXINOLLI', 31010001816, ' 10.200.32.101', '', 1, 3, 1, '2016-10-24 16:43:13', '2016-10-24 16:43:13', NULL),
(597, 'MILTON PEDRO PEREIRA JUNIOR', 31010002110, ' 172.16.108.127', '', 1, 3, 1, '2016-10-24 16:43:13', '2016-10-24 16:43:13', NULL),
(598, 'IVANILDA MARIA DA SILVA DIAS', 31010002860, ' 172.16.119.71', '', 3, 3, 1, '2016-10-24 16:43:13', '2016-10-24 16:43:13', NULL),
(599, 'MARLUCI APARECIDA DE GODOI', 31010002743, ' 172.16.108.126', '', 1, 3, 1, '2016-10-24 16:43:13', '2016-10-24 16:43:13', NULL),
(600, 'JERUSA', 31010002341, ' 172.16.108.125', '', 1, 3, 1, '2016-10-24 16:43:13', '2016-10-24 16:43:13', NULL),
(601, 'ALINE ZULMIRA DA SILVA', 31010002832, ' 172.16.108.124', '', 1, 3, 1, '2016-10-24 16:43:13', '2016-10-24 16:43:13', NULL),
(602, 'ANA PAULA JACINTO ', 31010001980, '172.16.108.123', '', 1, 3, 1, '2016-10-24 16:43:13', '2016-10-24 16:43:13', NULL),
(603, 'PAMELA APARECIDA SCAGLIA', 31010002957, ' 172.16.119.72', '', 3, 3, 1, '2016-10-24 16:43:13', '2016-10-24 16:43:13', NULL),
(604, 'BRENDA WINY DOMINGUES', 31010002745, ' 172.16.108.122', '', 1, 3, 1, '2016-10-24 16:43:13', '2016-10-24 16:43:13', NULL),
(605, 'MONICA', 826669, ' 172.16.115.182', '', 2, 3, 3, '2016-10-24 16:43:13', '2016-10-24 16:43:13', NULL),
(606, 'JANAINA ', 31010001273, '172.16.115.183', '', 2, 3, 1, '2016-10-24 16:43:13', '2016-10-24 16:43:13', NULL),
(607, 'JOãO MáRIO GERVAZONI', 31010003053, '10.200.32.109', '', 1, 3, 1, '2016-10-24 16:43:13', '2016-10-24 16:43:13', NULL),
(608, 'AMANDA', 31010002415, ' 172.16.119.74', '', 3, 3, 1, '2016-10-24 16:43:13', '2016-10-24 16:43:13', NULL),
(609, 'DIEGO ', 31010002323, ' 172.16.108.132', '', 1, 3, 1, '2016-10-24 16:43:13', '2016-10-24 16:43:13', NULL),
(610, 'SHANDRA DE OLIVEIRA', 31010003319, '10.200.32.112', '', 1, 3, 1, '2016-10-24 16:43:13', '2016-10-24 16:43:13', NULL),
(611, 'LINCONL CAVALCANTI FERNANDES', 31010003409, ' 172.16.108.133', '', 1, 3, 1, '2016-10-24 16:43:13', '2016-10-24 16:43:13', NULL),
(612, 'CAUENY', 31010003465, ' 172.16.119.73', '', 3, 3, 1, '2016-10-24 16:43:13', '2016-10-24 16:43:13', NULL),
(613, 'LUANA CASTELIANI', 31010001458, ' 172.16.108.134', '', 1, 3, 1, '2016-10-24 16:43:13', '2016-10-24 16:43:13', NULL),
(614, 'PRISCILA REGINA MARQUêS GONCALVES', 31010002284, ' 172.16.108.135', '', 1, 3, 1, '2016-10-24 16:43:13', '2016-10-24 16:43:13', NULL),
(615, 'TATIANA CONTA VENTURINI', 31010003219, ' 10.200.32.113', '', 1, 3, 1, '2016-10-24 16:43:13', '2016-10-24 16:43:13', NULL),
(616, 'JONATHAN ANTôNIO DA SILVA', 31010002189, ' 10.200.32.114', '', 1, 3, 1, '2016-10-24 16:43:13', '2016-10-24 16:43:13', NULL),
(617, 'FERNANDA BARROS DE SALVO', 31010003038, ' 10.200.32.124', '', 1, 3, 1, '2016-10-24 16:43:13', '2016-10-24 16:43:13', NULL),
(618, 'VIVIANE DA SILVA GONçALVES', 31010003498, ' 172.16.119.75', '', 3, 3, 1, '2016-10-24 16:43:13', '2016-10-24 16:43:13', NULL),
(619, 'THAIS FERNANDA RAMOS BRIANTI ROMOALDO', 698377, ' 172.16.109.71', '', 1, 3, 3, '2016-10-24 16:43:13', '2016-10-24 16:43:13', NULL),
(620, 'JOANA DARC MARIANO MANTELLATO', 237000, ' 172.16.117.23', '', 3, 3, 3, '2016-10-24 16:43:13', '2016-10-24 16:43:13', NULL),
(621, 'VITOR JOZE BONAZZI', 877255, '172.16.121.167', '', 4, 3, 3, '2016-10-24 16:43:13', '2016-10-24 16:43:13', NULL),
(622, 'LUIS FELIPE TELINI SANTOS ', 31010001902, '172.16.108.142', '', 1, 3, 1, '2016-10-24 16:43:13', '2016-10-24 16:43:13', NULL),
(623, 'LUBNA VASCONCELOS', 31010001127, '172.16.115.184', '', 2, 3, 1, '2016-10-24 16:43:13', '2016-10-24 16:43:13', NULL),
(624, 'FERNANDO', 31010002125, ' 172.16.108.141', '', 1, 3, 1, '2016-10-24 16:43:13', '2016-10-24 16:43:13', NULL),
(625, 'ANDRESSA PIRES DA SILVA ', 31010002206, '172.16.115.185', '', 2, 3, 1, '2016-10-24 16:43:13', '2016-10-24 16:43:13', NULL),
(626, 'ROBERTA DA SILVEIRA', 31010002242, ' 172.16.108.140', '', 1, 3, 1, '2016-10-24 16:43:13', '2016-10-24 16:43:13', NULL),
(627, 'TAIS ROTTOLI', 31010001193, ' 10.200.32.126', '', 1, 3, 1, '2016-10-24 16:43:13', '2016-10-24 16:43:13', NULL),
(628, 'MAYARA CRISTINA LOPES', 31010002632, '172.16.108.139', '', 1, 3, 1, '2016-10-24 16:43:13', '2016-10-24 16:43:13', NULL),
(629, 'DIDEROT CAMARGO NETTO', 31010000962, '172.16.108.138', '', 1, 3, 1, '2016-10-24 16:43:13', '2016-10-24 16:43:13', NULL),
(630, 'JULIA GONCALVES', 31010001656, ' 172.16.108.137', '', 1, 3, 1, '2016-10-24 16:43:13', '2016-10-24 16:43:13', NULL),
(631, 'LUê', 31010002032, '172.16.108.136', '', 1, 3, 1, '2016-10-24 16:43:13', '2016-10-24 16:43:13', NULL),
(632, 'TAIS CRISTINA TOMAZ BARRICATTI', 31010001924, '172.16.108.143', '', 1, 3, 1, '2016-10-24 16:43:13', '2016-10-24 16:43:13', NULL),
(633, 'RITA DE CASSIA OLIVEIRA TORIONE', 160563, '172.16.109.255', '', 1, 3, 3, '2016-10-24 16:43:13', '2016-10-24 16:43:13', NULL),
(635, 'EVERTON LUIS JESUINO', 31010000682, '172.16.108.144', '', 1, 3, 1, '2016-10-24 16:43:13', '2016-10-24 16:43:13', NULL),
(636, 'LUAN ', 31010002934, ' 172.16.119.76', '', 3, 3, 1, '2016-10-24 16:43:13', '2016-10-24 16:43:13', NULL),
(637, 'MADSON RODRIGUES DA SILVA ', 31010003052, ' 172.16.119.77', '', 3, 3, 1, '2016-10-24 16:43:13', '2016-10-24 16:43:13', NULL),
(638, 'JERUSA', 31010002341, '172.16.121.168', '', 4, 3, 1, '2016-10-24 16:43:13', '2016-10-24 16:43:13', NULL),
(639, 'JENIFER', 31010002383, ' 172.16.121.169', '', 4, 3, 1, '2016-10-24 16:43:13', '2016-10-24 16:43:13', NULL),
(640, 'MáRCIO VIEIRA MAGALHãES JUNIOR', 31010003432, ' 172.16.108.145', '', 1, 3, 1, '2016-10-24 16:43:13', '2016-10-24 16:43:13', NULL),
(642, 'RHAIFE ALEXSSANDER BRIANTI', 31010002962, ' 172.16.108.146', '', 1, 3, 1, '2016-10-24 16:43:13', '2016-10-24 16:43:13', NULL),
(643, 'JAQUELINE JUSTINO LOYOLA', 31010002949, ' 172.16.108.147', '', 1, 3, 1, '2016-10-24 16:43:13', '2016-10-24 16:43:13', NULL),
(644, 'MAíRA TURATO ARTIGIANI', 31010002500, ' 172.16.119.78', '', 3, 3, 1, '2016-10-24 16:43:13', '2016-10-24 16:43:13', NULL),
(645, 'JESSICA ', 31010002496, ' 172.16.119.79', '', 3, 3, 1, '2016-10-24 16:43:13', '2016-10-24 16:43:13', NULL),
(646, 'JADE', 31010002497, ' 172.16.119.80', '', 3, 3, 1, '2016-10-24 16:43:13', '2016-10-24 16:43:13', NULL),
(647, 'MARCOS CESAR DA SILVA SAKZENIAN', 31010003197, ' 10.200.32.186', '', 1, 3, 1, '2016-10-24 16:43:13', '2016-10-24 16:43:13', NULL),
(648, 'KARLA CRISTINA DE ALMEIDA ', 31010002260, ' 172.16.108.148', '', 1, 3, 1, '2016-10-24 16:43:13', '2016-10-24 16:43:13', NULL),
(649, 'DENISE DE PAULA MAGALHãES RIBEIRO', 31010003009, ' 10.200.32.185', '', 1, 3, 1, '2016-10-24 16:43:13', '2016-10-24 16:43:13', NULL),
(650, 'RAMON', 31010003070, ' 10.200.32.184', '', 1, 3, 1, '2016-10-24 16:43:13', '2016-10-24 16:43:13', NULL),
(651, 'ISMAEL DOS SANTOS PEREIRA JúNIOR', 31010002766, ' 172.16.108.149', '', 1, 3, 1, '2016-10-24 16:43:13', '2016-10-24 16:43:13', NULL),
(652, 'PAOLA', 31010002593, ' 172.16.115.188', '', 2, 3, 1, '2016-10-24 16:43:13', '2016-10-24 16:43:13', NULL),
(653, 'ANDRESA', 31010001919, ' 172.16.108.150', '', 1, 3, 1, '2016-10-24 16:43:13', '2016-10-24 16:43:13', NULL),
(654, 'TALITA FABIANA CARPANELLI', 31010002136, ' 172.16.108.151', '', 1, 3, 1, '2016-10-24 16:43:13', '2016-10-24 16:43:13', NULL),
(655, 'TUE', 31010001975, ' 10.200.32.183', '', 1, 3, 1, '2016-10-24 16:43:13', '2016-10-24 16:43:13', NULL),
(656, 'NICéIA PAULA PEREIRA', 31010002807, ' 172.16.108.152', '', 1, 3, 1, '2016-10-24 16:43:13', '2016-10-24 16:43:13', NULL),
(657, 'ROSâNGELA AP. COSTA BARREIROS', 31010001875, ' 10.200.32.182', '', 1, 3, 1, '2016-10-24 16:43:13', '2016-10-24 16:43:13', NULL),
(658, 'SIMONE PEREIRA DA SILVA', 31010001864, ' 172.16.119.81', '', 3, 3, 1, '2016-10-24 16:43:13', '2016-10-24 16:43:13', NULL),
(659, 'KISI PRISCILA DIAS DA SILVA ', 31010002021, ' 172.16.119.82', '', 3, 3, 1, '2016-10-24 16:43:13', '2016-10-24 16:43:13', NULL),
(660, 'JESSICA APARECIDA BRUINI', 310100023037, ' 172.16.121.170', '', 4, 3, 1, '2016-10-24 16:43:13', '2016-10-24 16:43:13', NULL);
INSERT INTO `requisicoes` (`id`, `nome`, `rarefunc`, `ip`, `MAC`, `campus_id`, `status_id`, `usuarioTipo_id`, `created_at`, `updated_at`, `deleted_at`) VALUES
(661, 'FERNANDO HENRIQUE ZAGO', 31010002125, ' 172.16.115.187', '', 2, 3, 1, '2016-10-24 16:43:13', '2016-10-24 16:43:13', NULL),
(662, 'GIOVANA', 31010003370, ' 172.16.121.171', '', 4, 3, 1, '2016-10-24 16:43:13', '2016-10-24 16:43:13', NULL),
(663, 'JENIFER OLBI', 31010002250, ' 172.16.119.83', '', 3, 3, 1, '2016-10-24 16:43:13', '2016-10-24 16:43:13', NULL),
(664, 'JAQUELINE JUSTINO LOYOLA', 31010002949, ' 172.16.115.186', '', 2, 3, 1, '2016-10-24 16:43:13', '2016-10-24 16:43:13', NULL),
(665, 'FERNANDO VALLADARES KEMP', 142174, ' 10.200.32.181', '', 1, 3, 3, '2016-10-24 16:43:13', '2016-10-24 16:43:13', NULL),
(666, 'JEAN', 31010002542, ' 172.16.108.153', '', 1, 3, 1, '2016-10-24 16:43:13', '2016-10-24 16:43:13', NULL),
(668, 'JOYCE NADIA', 31010003304, ' 172.16.121.172', '', 4, 3, 1, '2016-10-24 16:43:13', '2016-10-24 16:43:13', NULL),
(669, 'LUCIANA SASSI', 31010002193, ' 172.16.119.84', '', 3, 3, 1, '2016-10-24 16:43:13', '2016-10-24 16:43:13', NULL),
(670, 'DANIELA CRISTINA VIEIRA DE GODOY', 31010002519, ' 10.200.33.65', '', 1, 3, 1, '2016-10-24 16:43:13', '2016-10-24 16:43:13', NULL),
(671, 'FABIO BORGES DE OLIVEIRA', 3101732761, '172.16.121.173', '', 4, 3, 1, '2016-10-24 16:43:13', '2016-10-24 16:43:13', NULL),
(672, 'NAIARA DE CASSIA COELHO', 31010002453, ' 172.16.108.154', '', 1, 3, 1, '2016-10-24 16:43:13', '2016-10-24 16:43:13', NULL),
(673, 'KAROLINE MARIANO ALVES BETTANIN OLIVEIRA', 31010003024, ' 172.16.115.190', '', 2, 3, 1, '2016-10-24 16:43:13', '2016-10-24 16:43:13', NULL),
(675, 'DANIEL NICOLINI SILVA', 3102033740, '172.16.109.244', '', 1, 3, 2, '2016-10-24 16:43:13', '2016-10-24 16:43:13', NULL),
(676, 'DANIELLEN DA SILVA PERSEGO', 31010002581, ' 10.200.33.64', '', 1, 3, 1, '2016-10-24 16:43:13', '2016-10-24 16:43:13', NULL),
(677, 'MIRIAM DA SILVA', 31010001416, ' 10.200.33.66', '', 1, 3, 1, '2016-10-24 16:43:13', '2016-10-24 16:43:13', NULL),
(678, 'JULIA GONçALVES', 31010001656, '172.16.108.155', '', 1, 3, 1, '2016-10-24 16:43:13', '2016-10-24 16:43:13', NULL),
(679, 'JHENIEIRE GOIS TEODORO ', 31010001970, ' 172.16.108.156', '', 1, 3, 1, '2016-10-24 16:43:13', '2016-10-24 16:43:13', NULL),
(680, 'ANTONIO BALDISSINI NETO', 31010000644, ' 172.16.110.29', '', 1, 2, 1, '2016-10-24 16:43:13', '2016-10-24 16:43:13', NULL),
(681, 'MURILO', 31010003185, ' 10.200.33.67', '', 1, 3, 1, '2016-10-24 16:43:13', '2016-10-24 16:43:13', NULL),
(682, 'RITA DE CáSSIO RIBEIRO ARAúJO ', 31010002334, ' 172.16.115.191', '', 2, 3, 1, '2016-10-24 16:43:13', '2016-10-24 16:43:13', NULL),
(683, 'ANA PAULA JACINTO ', 31010001980, ' 172.16.121.174', '', 4, 3, 1, '2016-10-24 16:43:13', '2016-10-24 16:43:13', NULL),
(684, 'DEBORA DIANE DE FARIA', 31010003258, ' 172.16.119.92', '', 3, 3, 1, '2016-10-24 16:43:13', '2016-10-24 16:43:13', NULL),
(685, 'FÁBIO LUIZ FELISBERTO ', 31010001280, ' 172.16.108.158', '', 1, 3, 1, '2016-10-24 16:43:13', '2016-10-24 16:43:13', NULL),
(686, 'MICHELE APARECIDA DO NASCIMENTO', 31010001126, ' 172.16.108.159', '', 1, 3, 1, '2016-10-24 16:43:13', '2016-10-24 16:43:13', NULL),
(688, 'ÍCARO PACHECO RODRIGUES', 31010003250, ' 172.16.119.93', '', 3, 3, 1, '2016-10-24 16:43:13', '2016-10-24 16:43:13', NULL),
(689, 'JEFERSON', 31010003341, ' 172.16.115.192', '', 2, 3, 1, '2016-10-24 16:43:13', '2016-10-24 16:43:13', NULL),
(690, 'HANNA KAROLINA SILVA AGUIAR DONATO', 31010003505, ' 10.200.33.68', '', 1, 3, 1, '2016-10-24 16:43:13', '2016-10-24 16:43:13', NULL),
(691, 'JOAO PAULO VIEIRA TREVISAN', 31010002271, ' 10.200.33.69', '', 1, 3, 1, '2016-10-24 16:43:13', '2016-10-24 16:43:13', NULL),
(692, 'LAíSA DE GODOY HARA', 31010001431, ' 10.200.33.70', '', 1, 3, 1, '2016-10-24 16:43:13', '2016-10-24 16:43:13', NULL),
(694, 'LUIS GUILHERME BARBOSA DA SILVA ', 31010002333, ' 10.200.33.71', '', 1, 3, 1, '2016-10-24 16:43:13', '2016-10-24 16:43:13', NULL),
(695, 'TAIS  EDUARDA   DELGADO ', 31010003191, ' 172.16.108.160', '', 1, 3, 1, '2016-10-24 16:43:13', '2016-10-24 16:43:13', NULL),
(696, 'TAIS  EDUARDA   DELGADO ', 31010003191, ' 10.200.33.72', '', 1, 3, 1, '2016-10-24 16:43:13', '2016-10-24 16:43:13', NULL),
(697, 'VAGNER LAQUER', 31010002372, ' 172.16.115.193', '', 2, 3, 1, '2016-10-24 16:43:13', '2016-10-24 16:43:13', NULL),
(698, 'BRUNA MIELLI ', 31010003401, ' 10.200.33.73', '', 1, 3, 1, '2016-10-24 16:43:13', '2016-10-24 16:43:13', NULL),
(699, 'CAROLINE MARIE ANNE KLETTENHOFER', 31010000492, ' 10.200.33.74', '', 1, 3, 1, '2016-10-24 16:43:13', '2016-10-24 16:43:13', NULL),
(700, 'FRANCIELE CANOLA', 31010003256, ' 172.16.119.94', '', 3, 3, 1, '2016-10-24 16:43:13', '2016-10-24 16:43:13', NULL),
(701, 'JOSé DONISETE DOS SANTO', 31010003382, ' 10.200.33.75', '', 1, 3, 1, '2016-10-24 16:43:13', '2016-10-24 16:43:13', NULL),
(702, 'DANIELLEN DA SILVA PERSEGO', 31010002581, ' 172.16.108.161', '', 1, 3, 1, '2016-10-24 16:43:13', '2016-10-24 16:43:13', NULL),
(703, 'JOAO PAULO VIEIRA TREVISAN', 31010002271, ' 172.16.108.162', '', 1, 3, 1, '2016-10-24 16:43:13', '2016-10-24 16:43:13', NULL),
(704, 'CARLOS RODRIGO FERREIRA', 310100003440, ' 172.16.108.163', '', 1, 3, 1, '2016-10-24 16:43:13', '2016-10-24 16:43:13', NULL),
(705, 'JOAO EMILIO BARTOLOMEI BORTOLOTTO', 31010002055, '172.16.121.175', '', 4, 3, 1, '2016-10-24 16:43:13', '2016-10-24 16:43:13', NULL),
(706, 'MIRIAM DA SILVA', 31010001416, ' 172.16.108.164', '', 1, 3, 1, '2016-10-24 16:43:13', '2016-10-24 16:43:13', NULL),
(707, 'HENRIQUE', 31010003211, ' 172.16.108.165', '', 1, 3, 1, '2016-10-24 16:43:13', '2016-10-24 16:43:13', NULL),
(708, 'JERUSA BUBOLA', 31010002243, ' 10.200.33.76', '', 1, 3, 1, '2016-10-24 16:43:13', '2016-10-24 16:43:13', NULL),
(709, 'SUZI CRISTINA ALVES MACHADO', 31010003090, ' 10.200.33.77', '', 1, 3, 1, '2016-10-24 16:43:13', '2016-10-24 16:43:13', NULL),
(710, 'ANE CAROLINE SALVADOR SUTTO', 31010001225, ' 172.16.108.166', '', 1, 3, 1, '2016-10-24 16:43:13', '2016-10-24 16:43:13', NULL),
(711, 'ROBERTA VIVIANE DA SILVA', 31010002077, ' 172.16.119.96', '', 3, 3, 1, '2016-10-24 16:43:13', '2016-10-24 16:43:13', NULL),
(712, 'MICHELE APARECIDA DO NASCIMENTO', 31010001126, ' 172.16.115.194', '', 2, 3, 1, '2016-10-24 16:43:13', '2016-10-24 16:43:13', NULL),
(713, 'MARIELE CRUZ ', 31010001986, ' 172.16.121.176', '', 4, 3, 1, '2016-10-24 16:43:13', '2016-10-24 16:43:13', NULL),
(714, 'MATHEUS BERNARDES', 31010003105, ' 172.16.108.167', '', 1, 3, 1, '2016-10-24 16:43:13', '2016-10-24 16:43:13', NULL),
(715, 'HUGO MORIMOTO', 31010003410, ' 172.16.119.85', '', 3, 3, 1, '2016-10-24 16:43:13', '2016-10-24 16:43:13', NULL),
(717, 'GIULIA ANGELICAL QUEIROZ JARDIM', 31010000903, ' 172.16.108.168', '', 1, 3, 1, '2016-10-24 16:43:13', '2016-10-24 16:43:13', NULL),
(718, 'KARINA APARECIDA RODRIGUES DOS SANTOS', 31010002730, ' 172.16.121.177', '', 4, 3, 1, '2016-10-24 16:43:13', '2016-10-24 16:43:13', NULL),
(719, 'JONATHAN RIBEIRO CARDOSO', 31010000878, ' 172.16.108.169', '', 1, 3, 1, '2016-10-24 16:43:13', '2016-10-24 16:43:13', NULL),
(720, 'ISABELA BRANDãO AQUINO', 31010002884, ' 172.16.119.91', '', 3, 3, 1, '2016-10-24 16:43:13', '2016-10-24 16:43:13', NULL),
(721, 'FABIANA AVELINO ', 31010001934, ' 172.16.108.171', '', 1, 3, 1, '2016-10-24 16:43:13', '2016-10-24 16:43:13', NULL),
(722, 'DAIANA', 31010003178, ' 172.16.108.170', '', 1, 3, 1, '2016-10-24 16:43:13', '2016-10-24 16:43:13', NULL),
(723, 'SILMARA LUCIANA TENORIO', 31010002102, ' 172.16.108.172', '', 1, 3, 1, '2016-10-24 16:43:13', '2016-10-24 16:43:13', NULL),
(724, 'KAROLINE MARIANO ALVES BETTANIN OLIVEIRA', 31010003024, ' 172.16.108.173', '', 1, 3, 1, '2016-10-24 16:43:13', '2016-10-24 16:43:13', NULL),
(725, 'JOãO GUILHERME  BARTOLOMEI RIBEIRO GARCIA', 31010002258, ' 172.16.115.195', '', 2, 3, 1, '2016-10-24 16:43:13', '2016-10-24 16:43:13', NULL),
(727, 'DéBORA DE SOUZA ', 31010001591, ' 172.16.108.177', '', 1, 3, 1, '2016-10-24 16:43:13', '2016-10-24 16:43:13', NULL),
(728, 'DéBORA DE SOUZA ', 31010001591, ' 10.200.33.78', '', 1, 3, 1, '2016-10-24 16:43:13', '2016-10-24 16:43:13', NULL),
(729, 'AURACI', 31010003291, ' 172.16.108.176', '', 1, 3, 1, '2016-10-24 16:43:13', '2016-10-24 16:43:13', NULL),
(730, 'MICHELE DE OLIVEIRA', 31010003294, ' 172.16.108.178', '', 1, 3, 1, '2016-10-24 16:43:13', '2016-10-24 16:43:13', NULL),
(731, 'GIOVANA MARIA SILVéRIO', 31010001175, ' 172.16.115.196', '', 2, 3, 1, '2016-10-24 16:43:13', '2016-10-24 16:43:13', NULL),
(732, 'MARIA APARECIDA FIGUEIRA ', 31010002267, ' 172.16.119.90', '', 3, 3, 1, '2016-10-24 16:43:13', '2016-10-24 16:43:13', NULL),
(733, 'MONIK', 31010001441, ' 172.16.108.179', '', 1, 3, 1, '2016-10-24 16:43:13', '2016-10-24 16:43:13', NULL),
(735, 'JESSICA JúLIA ANICETO', 31010003340, ' 172.16.108.175', '', 1, 3, 1, '2016-10-24 16:43:13', '2016-10-24 16:43:13', NULL),
(736, 'MONIQUE', 31010002572, ' 172.16.119.89', '', 3, 3, 1, '2016-10-24 16:43:13', '2016-10-24 16:43:13', NULL),
(737, 'LUCAS BORBA RAMOS', 31010002751, ' 172.16.115.197', '', 2, 3, 1, '2016-10-24 16:43:13', '2016-10-24 16:43:13', NULL),
(738, 'MARIANA APARECIDA DE OLIVEIRA', 31010002676, ' 172.16.119.88', '', 3, 3, 1, '2016-10-24 16:43:13', '2016-10-24 16:43:13', NULL),
(739, 'DIOGO LEITE', 31010001600, ' 10.200.33.80', '', 1, 3, 1, '2016-10-24 16:43:13', '2016-10-24 16:43:13', NULL),
(740, 'MARIANA APARECIDA DE OLIVEIRA', 31010002676, ' 172.16.119.87', '', 3, 3, 1, '2016-10-24 16:43:13', '2016-10-24 16:43:13', NULL),
(741, 'ALEXANDER MACHADO PANINI', 31010002955, ' 10.200.33.79', '', 1, 3, 1, '2016-10-24 16:43:13', '2016-10-24 16:43:13', NULL),
(742, 'MARIA ISABEL MENEGHINI BARBOSA', 31010002148, ' 172.16.119.86', '', 3, 3, 1, '2016-10-24 16:43:13', '2016-10-24 16:43:13', NULL),
(743, 'GRAZIELA BIZON', 31010002782, '172.16.119.85', '', 3, 3, 1, '2016-10-24 16:43:13', '2016-10-24 16:43:13', NULL),
(744, 'ALEX DEMATE', 31010002420, ' 172.16.115.198', '', 2, 3, 1, '2016-10-24 16:43:13', '2016-10-24 16:43:13', NULL),
(746, 'SIMONE APARECIDA CARDOSO ', 995703, ' 172.16.115.199', '', 2, 3, 3, '2016-10-24 16:43:13', '2016-10-24 16:43:13', NULL),
(747, 'POLIANA APARECIDA DE ALMEIDA CASTRO', 31010002239, ' 172.16.115.200', '', 2, 3, 1, '2016-10-24 16:43:13', '2016-10-24 16:43:13', NULL),
(748, 'RAFAELA FREITAS DE OLIVEIRA PRETO', 31010002349, ' 172.16.115.201', '', 2, 3, 1, '2016-10-24 16:43:13', '2016-10-24 16:43:13', NULL),
(749, 'ELAINE RIBEIRO', 940143, ' 172.16.115.203', '', 2, 3, 3, '2016-10-24 16:43:13', '2016-10-24 16:43:13', NULL),
(750, 'VALMIR AVELINO ', 31010001382, ' 172.16.108.180', '', 1, 3, 1, '2016-10-24 16:43:13', '2016-10-24 16:43:13', NULL),
(751, 'ALBANO', 31010003135, ' 172.16.115.202', '', 2, 3, 1, '2016-10-24 16:43:13', '2016-10-24 16:43:13', NULL),
(752, 'LUê', 31010002032, ' 172.16.121.178', '', 4, 3, 1, '2016-10-24 16:43:13', '2016-10-24 16:43:13', NULL),
(753, 'HENRIQUE', 31010003211, '10.200.33.82', '', 1, 3, 1, '2016-10-24 16:43:13', '2016-10-24 16:43:13', NULL),
(754, 'MONISE BOSSO ', 31010002479, ' 172.16.108.181', '', 1, 3, 1, '2016-10-24 16:43:13', '2016-10-24 16:43:13', NULL),
(755, 'HITALO GOMES DE ARAUJO SILVA ', 31010003065, '10.200.33.83', '', 1, 3, 1, '2016-10-24 16:43:13', '2016-10-24 16:43:13', NULL),
(756, 'KAREN DE PAULO', 31010002370, ' 172.16.115.204', '', 2, 3, 1, '2016-10-24 16:43:13', '2016-10-24 16:43:13', NULL),
(757, 'MATHEUS BERNARDES', 31010003105, '10.200.33.84', '', 1, 3, 1, '2016-10-24 16:43:13', '2016-10-24 16:43:13', NULL),
(758, 'PAULO ROBERTO CORREA', 31010002111, ' 10.200.33.85', '', 1, 3, 1, '2016-10-24 16:43:13', '2016-10-24 16:43:13', NULL),
(759, 'PAMELA SILVA RODRIGUES', 31010002585, ' 172.16.115.205', '', 2, 3, 1, '2016-10-24 16:43:13', '2016-10-24 16:43:13', NULL),
(760, 'PAOLA GOMES TEODORO', 31010002866, ' 172.16.108.182', '', 1, 3, 1, '2016-10-24 16:43:13', '2016-10-24 16:43:13', NULL),
(761, 'JOSé WILLIAM RIBEIRO ', 31010001977, ' 10.200.33.87', '', 1, 3, 1, '2016-10-24 16:43:13', '2016-10-24 16:43:13', NULL),
(762, 'CAROLINE PARISI FERREIRA ALVES', 31010003495, ' 172.16.108.183', '', 1, 3, 1, '2016-10-24 16:43:13', '2016-10-24 16:43:13', NULL),
(763, 'RAFAEL SOARES MITTESTAINER', 31010003025, ' 172.16.108.184', '', 1, 3, 1, '2016-10-24 16:43:13', '2016-10-24 16:43:13', NULL),
(764, 'MURILO MORAES CARDOSO', 31010001682, ' 10.200.33.88', '', 1, 3, 1, '2016-10-24 16:43:13', '2016-10-24 16:43:13', NULL),
(765, 'PEDRO HENRIQUE VENTURA DE OLIVEIRA', 31010002914, ' 172.16.108.185', '', 1, 3, 1, '2016-10-24 16:43:13', '2016-10-24 16:43:13', NULL),
(766, 'ANDRE LUIS DE SOUZA', 31010003019, ' 172.16.108.186', '', 1, 3, 1, '2016-10-24 16:43:13', '2016-10-24 16:43:13', NULL),
(767, 'MONIK', 31010001441, ' 10.200.33.86', '', 1, 3, 1, '2016-10-24 16:43:13', '2016-10-24 16:43:13', NULL),
(769, 'KAROLINE MARIANO ALVES BETTANIN OLIVEIRA', 31010003024, ' 10.200.33.93', '', 1, 3, 1, '2016-10-24 16:43:13', '2016-10-24 16:43:13', NULL),
(770, 'RAYANE SILVA PRADO DE GODOI', 31010003454, '172.16.115.206', '', 2, 3, 1, '2016-10-24 16:43:13', '2016-10-24 16:43:13', NULL),
(771, 'LUIS FELIPE COGO', 31010001420, ' 10.200.33.94', '', 1, 3, 1, '2016-10-24 16:43:13', '2016-10-24 16:43:13', NULL),
(772, 'DENIS LOFREDO', 31010002182, ' 10.200.33.95', '', 1, 3, 1, '2016-10-24 16:43:13', '2016-10-24 16:43:13', NULL),
(773, 'DANIELA ', 31010001681, ' 172.16.121.179', '', 4, 3, 1, '2016-10-24 16:43:13', '2016-10-24 16:43:13', NULL),
(774, 'LUBNA THALYTA APOLINARIO VASCONCELOS', 31010001127, ' 172.16.108.188', '', 1, 3, 1, '2016-10-24 16:43:13', '2016-10-24 16:43:13', NULL),
(776, 'MIRYAM  ARIEL BULGARELLI TONON', 3101001663, ' 172.16.119.99', '', 3, 3, 1, '2016-10-24 16:43:13', '2016-10-24 16:43:13', NULL),
(777, 'JOSÉ RENATO BELMIRO BRIANEZI', 31010002350, ' 172.16.121.180', '', 4, 3, 1, '2016-10-24 16:43:13', '2016-10-24 16:43:13', NULL),
(779, 'FABIO ALEXANDRE VASCONCELOS', 31010001229, ' 10.200.33.96', '', 1, 3, 1, '2016-10-24 16:43:13', '2016-10-24 16:43:13', NULL),
(780, 'EVERTON LUIS JESUINO', 31010000682, ' 10.200.33.97', '', 1, 3, 1, '2016-10-24 16:43:13', '2016-10-24 16:43:13', NULL),
(781, 'BRENDA ALINE LAZARI', 31010003057, '172.16.108.189', '', 1, 3, 1, '2016-10-24 16:43:13', '2016-10-24 16:43:13', NULL),
(782, 'PEDRO HENRIQUE VENTURA DE OLIVEIRA ', 31010002914, ' 10.200.33.98', '', 1, 3, 1, '2016-10-24 16:43:13', '2016-10-24 16:43:13', NULL),
(783, 'RODRIGO PIOLLI DE RESENDE', 31010003175, '172.16.108.190', '', 1, 3, 1, '2016-10-24 16:43:13', '2016-10-24 16:43:13', NULL),
(784, 'ANDRé LUIS DA SILVA OLIVEIRA', 31010002965, ' 172.16.108.191', '', 1, 3, 1, '2016-10-24 16:43:13', '2016-10-24 16:43:13', NULL),
(785, 'MARIELE MARIANO ALVES', 31010002417, '172.16.115.207', '', 2, 3, 1, '2016-10-24 16:43:13', '2016-10-24 16:43:13', NULL),
(786, 'JERUSA BUBOLA', 31010002243, ' 172.16.108.192', '', 1, 3, 1, '2016-10-24 16:43:13', '2016-10-24 16:43:13', NULL),
(787, 'LUANA CRISTINA CASTELIANI', 31010001458, ' 172.16.121.181', '', 4, 3, 1, '2016-10-24 16:43:13', '2016-10-24 16:43:13', NULL),
(788, 'SIEIS DIAS', 31010002560, ' 172.16.108.193', '', 1, 3, 1, '2016-10-24 16:43:13', '2016-10-24 16:43:13', NULL),
(789, 'LUCIANA PRISCILA TORRETI', 31010002543, ' 172.16.108.194', '', 1, 3, 1, '2016-10-24 16:43:13', '2016-10-24 16:43:13', NULL),
(790, 'POLIANA APARECIDA DE ALMEIDA CASTRO', 31010002239, ' 10.200.33.99', '', 1, 3, 1, '2016-10-24 16:43:13', '2016-10-24 16:43:13', NULL),
(791, 'ANTONIANA DALALANA ZACARIOTO', 31010001447, ' 172.16.108.195', '', 1, 3, 1, '2016-10-24 16:43:13', '2016-10-24 16:43:13', NULL),
(792, 'HALLAM KARDEC ', 31010001147, ' 172.16.108.196', '', 1, 3, 1, '2016-10-24 16:43:13', '2016-10-24 16:43:13', NULL),
(793, 'AMANDA ALVES DE SOUSA', 31010002367, ' 172.16.121.183', '', 4, 3, 1, '2016-10-24 16:43:13', '2016-10-24 16:43:13', NULL),
(794, 'BáRBARA STEPHANIE LAZARI STOLF', 31010002223, '172.16.115.208', '', 2, 3, 1, '2016-10-24 16:43:13', '2016-10-24 16:43:13', NULL),
(795, 'GABRIELA', 31010002007, ' 172.16.121.182', '', 4, 3, 1, '2016-10-24 16:43:13', '2016-10-24 16:43:13', NULL),
(796, 'ELIANA', 938254, '172.16.121.184', '', 4, 3, 3, '2016-10-24 16:43:13', '2016-10-24 16:43:13', NULL),
(797, 'JESSICA DA CRUZ VIEIRA', 31010002289, ' 172.16.121.185', '', 4, 3, 1, '2016-10-24 16:43:13', '2016-10-24 16:43:13', NULL),
(799, 'KISI PRISCILA DIAS DA SILVA', 31010002021, '172.16.119.101', '', 3, 3, 1, '2016-10-24 16:43:13', '2016-10-24 16:43:13', NULL),
(800, 'SAMANTTA SIQUEIRA', 31010002611, ' 172.16.108.197', '', 1, 3, 1, '2016-10-24 16:43:13', '2016-10-24 16:43:13', NULL),
(802, 'ADILSON', 31010003506, '172.16.115.209', '', 2, 3, 1, '2016-10-24 16:43:13', '2016-10-24 16:43:13', NULL),
(803, 'MARCIA LOPES DA CONCEIçãO ', 31010003411, '172.16.119.102', '', 3, 3, 1, '2016-10-24 16:43:13', '2016-10-24 16:43:13', NULL),
(804, 'PATRíCIA MARQUES FLORENCIO', 31010002082, '172.16.115.210', '', 2, 3, 1, '2016-10-24 16:43:13', '2016-10-24 16:43:13', NULL),
(806, 'CAROLINA LANTIN MASSARI', 31010001144, ' 172.16.108.198', '', 1, 3, 1, '2016-10-24 16:43:13', '2016-10-24 16:43:13', NULL),
(808, 'LUAN MARQUES DE LIMA', 31010002791, ' 10.200.33.100', '', 1, 3, 1, '2016-10-24 16:43:13', '2016-10-24 16:43:13', NULL),
(809, 'LUCAS HENRIQUE DE OLIVEIRA ', 31010003477, '172.16.115.211', '', 2, 3, 1, '2016-10-24 16:43:13', '2016-10-24 16:43:13', NULL),
(811, 'TATIANE BRAION CONTESSOTTO', 31010003125, '172.16.108.204', '', 1, 3, 1, '2016-10-24 16:43:13', '2016-10-24 16:43:13', NULL),
(812, 'LUIS GUILHERME BARBOSA DA SILVA ', 31010002333, '172.16.108.205', '', 1, 3, 1, '2016-10-24 16:43:13', '2016-10-24 16:43:13', NULL),
(813, 'BRUNO', 31010002489, '172.16.115.212', '', 2, 3, 1, '2016-10-24 16:43:13', '2016-10-24 16:43:13', NULL),
(814, 'ANA KATHIENE EUGENIO SARTORELLI', 31010002640, '172.16.115.213', '', 2, 3, 1, '2016-10-24 16:43:13', '2016-10-24 16:43:13', NULL),
(815, 'TAMIRES', 31010003288, '172.16.121.186', '', 4, 3, 1, '2016-10-24 16:43:13', '2016-10-24 16:43:13', NULL),
(816, 'RENAN OSCAR MOREIRA ', 31010003402, '172.16.108.206', '', 1, 3, 1, '2016-10-24 16:43:13', '2016-10-24 16:43:13', NULL),
(817, 'BRUNA APARECIDA VIEIRA DE GODOY ', 31010002537, '172.16.108.207', '', 1, 3, 1, '2016-10-24 16:43:13', '2016-10-24 16:43:13', NULL),
(818, 'JESSICA JULIA ANICETO', 31010003340, '172.16.108.208', '', 1, 3, 1, '2016-10-24 16:43:13', '2016-10-24 16:43:13', NULL),
(819, 'PAULO ROBERTO GONçALVES FERREIRA BUENO', 893749, '172.16.119.100', '', 3, 3, 3, '2016-10-24 16:43:13', '2016-10-24 16:43:13', NULL),
(820, 'ALISSON CARDOSO DE SOUZA', 31010001852, '172.16.108.209', '', 1, 3, 1, '2016-10-24 16:43:13', '2016-10-24 16:43:13', NULL),
(821, 'MONISE PRISCILA DOMICIANO ', 31010003106, '172.16.119.104', '', 3, 3, 1, '2016-10-24 16:43:13', '2016-10-24 16:43:13', NULL),
(822, 'THAINA MOREIRA DE GODOY ', 31010002865, '172.16.119.103', '', 3, 3, 1, '2016-10-24 16:43:13', '2016-10-24 16:43:13', NULL),
(823, 'KAREN MALANDRIM PEREIRA', 31010003002, ' 172.16.108.203', '', 1, 3, 1, '2016-10-24 16:43:13', '2016-10-24 16:43:13', NULL),
(824, 'JHENNIFER STEFANY DA SILVA', 31010003408, ' 10.200.33.101', '', 1, 3, 1, '2016-10-24 16:43:13', '2016-10-24 16:43:13', NULL),
(826, 'SAMA CAROLINE FERMINO', 31010002814, ' 172.16.121.187', '', 4, 3, 1, '2016-10-24 16:43:13', '2016-10-24 16:43:13', NULL),
(827, 'EVANDRO', 737666, ' 172.16.108.202', '', 1, 3, 3, '2016-10-24 16:43:13', '2016-10-24 16:43:13', NULL),
(829, 'RAFAELA FREITAS DE OLIVEIRA PRETO', 31010002349, ' 172.16.115.214', '', 2, 3, 1, '2016-10-24 16:43:13', '2016-10-24 16:43:13', NULL),
(830, 'CARLOS RODRIGUES DE LIMA', 31010001762, '10.200.33.103', '', 1, 3, 1, '2016-10-24 16:43:13', '2016-10-24 16:43:13', NULL),
(831, 'LUARA LUCATELLI TONINI ', 31010002921, '172.16.108.212', '', 1, 3, 1, '2016-10-24 16:43:13', '2016-10-24 16:43:13', NULL),
(832, 'KARJAN ALVES DE OLIVEIRA', 31010003371, '172.16.108.210', '', 1, 3, 1, '2016-10-24 16:43:13', '2016-10-24 16:43:13', NULL),
(833, 'ANDRé LUIS DA SILVA OLIVEIRA', 31010002965, '172.16.108.211', '', 1, 3, 1, '2016-10-24 16:43:13', '2016-10-24 16:43:13', NULL),
(834, 'FABIANA DE DEUS PIRES', 31010002851, '172.16.108.213', '', 1, 3, 1, '2016-10-24 16:43:13', '2016-10-24 16:43:13', NULL),
(835, 'GABRIELA PINHEIRO', 31010002007, '172.16.121.188', '', 4, 3, 1, '2016-10-24 16:43:13', '2016-10-24 16:43:13', NULL),
(836, 'ALESSANDRO', 31010001154, '172.16.121.189', '', 4, 3, 1, '2016-10-24 16:43:13', '2016-10-24 16:43:13', NULL),
(837, 'BRUNO TAZINAFFO BUENO', 31010002905, '172.16.108.214', '', 1, 3, 1, '2016-10-24 16:43:13', '2016-10-24 16:43:13', NULL),
(838, 'THAINA MENEGHINI', 31010001631, '10.200.33.102', '', 1, 3, 1, '2016-10-24 16:43:13', '2016-10-24 16:43:13', NULL),
(839, 'MAIARA CRISTINA ALEXANDRE DE FREITAS', 31010002378, '172.16.121.190', '', 4, 3, 1, '2016-10-24 16:43:13', '2016-10-24 16:43:13', NULL),
(840, 'JEAN HENRIQUE PEREIRA', 31010001397, '172.16.108.215', '', 1, 3, 1, '2016-10-24 16:43:13', '2016-10-24 16:43:13', NULL),
(841, 'CIOMARA CANDIDO', 816167, '172.16.108.216', '', 1, 3, 3, '2016-10-24 16:43:13', '2016-10-24 16:43:13', NULL),
(842, 'MARCIA MENDONçA OLIVEIRA', 548367, ' 172.16.121.191', '', 4, 3, 3, '2016-10-24 16:43:13', '2016-10-24 16:43:13', NULL),
(843, 'MATHEUS BERNARDES', 31010003105, '172.16.115.215', '', 2, 3, 1, '2016-10-24 16:43:13', '2016-10-24 16:43:13', NULL),
(844, 'MELISSA AMANDA MAGALHÃES DE SOUZA', 31010002894, ' 172.16.115.216', '', 2, 3, 1, '2016-10-24 16:43:13', '2016-10-24 16:43:13', NULL),
(845, 'PAULO SéRGIO RIBEIRO LEANDRO JUNIOR', 31010001599, ' 10.200.33.106', '', 1, 3, 1, '2016-10-24 16:43:13', '2016-10-24 16:43:13', NULL),
(846, 'MARIA LUIZA FRACASSO', 31010003316, '172.16.108.218', '', 1, 3, 1, '2016-10-24 16:43:13', '2016-10-24 16:43:13', NULL),
(847, 'LUIS GUSTAVO VIEIRA', 31010002871, '10.200.33.105', '', 1, 3, 1, '2016-10-24 16:43:13', '2016-10-24 16:43:13', NULL),
(848, 'TAMIRA', 31010002101, '172.16.108.219', '', 1, 3, 1, '2016-10-24 16:43:13', '2016-10-24 16:43:13', NULL),
(849, 'THIAGO DA SILVA FERREIRA', 31010003083, '172.16.115.217', '', 2, 3, 1, '2016-10-24 16:43:13', '2016-10-24 16:43:13', NULL),
(850, 'BRUNO EVANDRO FUINI', 31010003196, '172.16.115.218', '', 2, 3, 1, '2016-10-24 16:43:13', '2016-10-24 16:43:13', NULL),
(851, 'CLOVIS ALEXANDRE BARBOSA FARIA', 31010003456, '172.16.115.219', '', 2, 3, 1, '2016-10-24 16:43:13', '2016-10-24 16:43:13', NULL),
(852, 'GABRIELA SANTOS CONCEIçãO', 31010002586, '172.16.115.220', '', 2, 3, 1, '2016-10-24 16:43:13', '2016-10-24 16:43:13', NULL),
(853, 'ANA LETICIA COSTA', 31010002947, '172.16.108.216', '', 1, 3, 1, '2016-10-24 16:43:13', '2016-10-24 16:43:13', NULL),
(854, 'RITA DE CASSIA TORIONE', 91340, '10.200.33.107', '', 1, 3, 3, '2016-10-24 16:43:13', '2016-10-24 16:43:13', NULL),
(855, 'GISLENI APARECIDA FROIS BAGATELLA', 31010000601, '172.16.108.221', '', 1, 3, 1, '2016-10-24 16:43:13', '2016-10-24 16:43:13', NULL),
(856, 'PALOMA PEDROSO DE FREITAS ', 31010002300, '10.200.33.108', '', 1, 3, 1, '2016-10-24 16:43:13', '2016-10-24 16:43:13', NULL),
(857, 'FERNANDA APARECIDA DE LIMA', 31010003033, '10.200.33.109', '', 1, 3, 1, '2016-10-24 16:43:13', '2016-10-24 16:43:13', NULL),
(858, 'TAINAN ', 31010002375, '10.200.33.110', '', 1, 3, 1, '2016-10-24 16:43:13', '2016-10-24 16:43:13', NULL),
(859, 'ERITON LEANDRO DA SILVA', 31010003407, '172.16.108.220', '', 1, 3, 1, '2016-10-24 16:43:13', '2016-10-24 16:43:13', NULL),
(860, 'JOSIANE', 236012, '10.200.33.111', '', 1, 3, 3, '2016-10-24 16:43:13', '2016-10-24 16:43:13', NULL),
(861, 'ROSIANE ROSA BARBOSA', 548367, '172.16.121.193', '', 4, 3, 3, '2016-10-24 16:43:13', '2016-10-24 16:43:13', NULL),
(862, 'JOAO MARIO GERVAZONI', 31010003053, ' 172.16.108.224', '', 1, 3, 1, '2016-10-24 16:43:13', '2016-10-24 16:43:13', NULL),
(863, 'CLAUDIA FELIPE PALANDI', 31010002347, ' 172.16.115.222', '', 2, 3, 1, '2016-10-24 16:43:13', '2016-10-24 16:43:13', NULL),
(864, 'ABILIO FERRAZ', 31010003003, ' 10.200.33.112', '', 1, 3, 1, '2016-10-24 16:43:13', '2016-10-24 16:43:13', NULL),
(865, 'ALAN DE TOLEDO FELIPPIN', 31010002171, ' 10.200.33.113', '', 1, 3, 1, '2016-10-24 16:43:13', '2016-10-24 16:43:13', NULL),
(867, 'ALEXANDER MARCOS PORFIRIO', 31010001204, ' 172.16.121.194', '', 4, 3, 1, '2016-10-24 16:43:13', '2016-10-24 16:43:13', NULL),
(868, 'DEBORA FUINI', 31010003238, ' 10.200.35.47', '', 1, 3, 1, '2016-10-24 16:43:13', '2016-10-24 16:43:13', NULL),
(869, 'VANESSA APARECIDA DA SILVA', 31010002616, ' 172.16.115.223', '', 2, 3, 1, '2016-10-24 16:43:13', '2016-10-24 16:43:13', NULL),
(870, 'FERNANDA COLI DEMATEI', 31010002450, ' 172.16.119.106', '', 3, 3, 1, '2016-10-24 16:43:13', '2016-10-24 16:43:13', NULL),
(871, 'ANA KATHIENE EUGENIO SARTORELLI', 31010002640, '172.16.108.225', '', 1, 3, 1, '2016-10-24 16:43:13', '2016-10-24 16:43:13', NULL),
(872, 'ANDRESA', 31010001919, ' 172.16.119.105', '', 3, 3, 1, '2016-10-24 16:43:13', '2016-10-24 16:43:13', NULL),
(874, 'LEANDRO JOSé PEREIRA', 31010002240, '172.16.115.224', '', 2, 3, 1, '2016-10-24 16:43:13', '2016-10-24 16:43:13', NULL),
(875, 'TAíS TOPAN ROTTOLI', 31010001193, '10.200.33.116', '', 1, 3, 1, '2016-10-24 16:43:13', '2016-10-24 16:43:13', NULL),
(876, 'MARIA ROSâNGELA DA SILVA', 31010001371, '10.200.33.117', '', 1, 3, 1, '2016-10-24 16:43:13', '2016-10-24 16:43:13', NULL),
(877, 'SAMANTA CRISTINA FAGUNDES', 31010002795, '172.16.115.225', '', 2, 3, 1, '2016-10-24 16:43:13', '2016-10-24 16:43:13', NULL),
(878, 'MAIARA RODRIGUES FEITOSA', 31010001360, '10.200.33.118', '', 1, 3, 1, '2016-10-24 16:43:13', '2016-10-24 16:43:13', NULL),
(879, 'FILIPE FELIX DA ROCHA', 31010001185, '10.200.33.121', '', 1, 3, 1, '2016-10-24 16:43:13', '2016-10-24 16:43:13', NULL),
(880, 'ELLEN JULIANA DE TOLEDO BICUDO', 31010003346, '172.16.108.227', '', 1, 3, 1, '2016-10-24 16:43:13', '2016-10-24 16:43:13', NULL),
(881, 'LARA PEREIRA DA SILVA ', 31010001427, '10.200.33.119', '', 1, 3, 1, '2016-10-24 16:43:13', '2016-10-24 16:43:13', NULL),
(882, 'MAIARA TOLEDO', 31010001590, '10.200.33.120', '', 1, 3, 1, '2016-10-24 16:43:13', '2016-10-24 16:43:13', NULL),
(883, 'FILIPE FELIX DA ROCHA', 31010001185, '10.200.33.123', '', 1, 3, 1, '2016-10-24 16:43:13', '2016-10-24 16:43:13', NULL),
(884, 'CLEIDE APARECIDA MORAIS DA SILVA', 31010001170, '10.200.33.122', '', 1, 3, 1, '2016-10-24 16:43:13', '2016-10-24 16:43:13', NULL),
(885, 'FABIO BORGES DE OLIVEIRA', 732761, '10.200.33.124', '', 1, 3, 3, '2016-10-24 16:43:13', '2016-10-24 16:43:13', NULL),
(886, 'NATáLIA CODONHO BOSSO', 31010001618, '172.16.108.228', '', 1, 3, 1, '2016-10-24 16:43:13', '2016-10-24 16:43:13', NULL),
(888, 'CECILIA NOGUEIRA STEFANINI', 3102895520, ' 172.16.108.226', '', 1, 3, 2, '2016-10-24 16:43:13', '2016-10-24 16:43:13', NULL),
(889, 'MARIA GILDA DA SILVA FINETTI DE CASTRO', 31010002092, '172.16.119.107', '', 3, 3, 1, '2016-10-24 16:43:13', '2016-10-24 16:43:13', NULL),
(890, 'PAULA DE PAULA LACERDA', 31010003097, '10.200.33.126', '', 1, 3, 1, '2016-10-24 16:43:13', '2016-10-24 16:43:13', NULL),
(891, 'PRISCILA TOPAN DOS SANTOS', 31010001085, '10.200.33.127', '', 1, 3, 1, '2016-10-24 16:43:13', '2016-10-24 16:43:13', NULL),
(893, 'ANDRESSA PIRES DA SILVA ', 31010002206, '172.16.115.226', '', 2, 3, 1, '2016-10-24 16:43:13', '2016-10-24 16:43:13', NULL),
(894, 'TAIS BARRICATTI', 31010001924, '172.16.119.108', '', 3, 3, 1, '2016-10-24 16:43:13', '2016-10-24 16:43:13', NULL),
(895, 'ABíLIO FERRAZ', 31010003003, '172.16.115.228', '', 2, 3, 1, '2016-10-24 16:43:13', '2016-10-24 16:43:13', NULL),
(896, 'JULIA MAURA ', 31010002919, '172.16.119.109', '', 3, 3, 1, '2016-10-24 16:43:13', '2016-10-24 16:43:13', NULL),
(897, 'ABILIO FERRAZ', 31010003003, '172.16.115.229', '', 2, 3, 1, '2016-10-24 16:43:13', '2016-10-24 16:43:13', NULL),
(899, 'LILLIAN SARTORATO', 31010002196, '172.16.121.195', '', 4, 3, 1, '2016-10-24 16:43:13', '2016-10-24 16:43:13', NULL),
(900, 'ARIANE PELATIERO DE GODóI ', 31010003339, '172.16.108.229', '', 1, 3, 1, '2016-10-24 16:43:13', '2016-10-24 16:43:13', NULL),
(902, 'LUCIANA SALGADO PIELEN', 560563, ' 172.16.115.233', '', 2, 3, 3, '2016-10-24 16:43:13', '2016-10-24 16:43:13', NULL),
(903, 'MARINA DE FATIMA RIBEIRO DO SACRAMENTO', 31010001923, '172.16.108.230', '', 1, 3, 1, '2016-10-24 16:43:13', '2016-10-24 16:43:13', NULL),
(904, 'TAMIRES SALTON', 31010002093, '172.16.119.110', '', 3, 3, 1, '2016-10-24 16:43:13', '2016-10-24 16:43:13', NULL),
(905, 'GLAUCO VAZ DE TOLEDO', 31010002577, ' 172.16.115.230', '', 2, 3, 1, '2016-10-24 16:43:13', '2016-10-24 16:43:13', NULL),
(908, 'PAULO ROGéRIO CAVENAGHI', 101168, ' 10.200.33.129', '', 1, 3, 3, '2016-10-24 16:43:13', '2016-10-24 16:43:13', NULL),
(909, 'ALAN DE TOLEDO FELIPPIN', 31010002171, '10.200.33.128', '', 1, 3, 1, '2016-10-24 16:43:13', '2016-10-24 16:43:13', NULL),
(910, 'CARLOS RODRIGO FERREIRA', 310100003440, '172.16.108.231', '', 1, 3, 1, '2016-10-24 16:43:13', '2016-10-24 16:43:13', NULL),
(911, 'EVERTON UCHOA SBRISSE', 31010003217, '10.200.33.131', '', 1, 3, 1, '2016-10-24 16:43:13', '2016-10-24 16:43:13', NULL),
(912, 'MARCOS PEREIRA DE ANDRADE', 3102737712, '10.200.33.132', '', 1, 3, 2, '2016-10-24 16:43:13', '2016-10-24 16:43:13', NULL),
(913, 'PALOMA PEDROSO DE FREITAS', 31010002300, '10.200.33.130', '', 1, 3, 1, '2016-10-24 16:43:13', '2016-10-24 16:43:13', NULL),
(914, 'GLAUCIA ORTOLAN', 31010003406, '172.16.108.232', '', 1, 3, 1, '2016-10-24 16:43:13', '2016-10-24 16:43:13', NULL),
(915, 'MAYARA PERES DE CARVALHO', 31010001202, '172.16.108.233', '', 1, 3, 1, '2016-10-24 16:43:13', '2016-10-24 16:43:13', NULL),
(916, 'LUCIANA ANTUNES GARCIA FARIA', 31010002800, '172.16.119.111', '', 3, 3, 1, '2016-10-24 16:43:13', '2016-10-24 16:43:13', NULL),
(917, 'GLAUCIA ORTOLAN', 31010003406, ' 172.16.115.231', '', 2, 3, 1, '2016-10-24 16:43:13', '2016-10-24 16:43:13', NULL),
(918, 'AURACI LOPES BARBOSA', 31010003291, '172.16.108.234', '', 1, 3, 1, '2016-10-24 16:43:13', '2016-10-24 16:43:13', NULL),
(919, 'ALESSANDRA GOMES VARISCO', 310259864, '172.16.108.237', '', 1, 3, 2, '2016-10-24 16:43:13', '2016-10-24 16:43:13', NULL),
(921, 'RICARDO TALARICO BARRETO DE ALMEIDA', 31010001688, '172.16.121.196', '', 4, 3, 1, '2016-10-24 16:43:13', '2016-10-24 16:43:13', NULL),
(922, 'LUIS FELIPE COGO', 31010001420, '172.16.108.235', '', 1, 3, 1, '2016-10-24 16:43:13', '2016-10-24 16:43:13', NULL),
(923, 'PRISCILA ARAUJO CESTARO', 31010002184, '172.16.108.236', '', 1, 3, 1, '2016-10-24 16:43:13', '2016-10-24 16:43:13', NULL),
(924, 'JOAQUIM ANTUNES NETO', 59863, '172.16.115.232', '', 2, 3, 3, '2016-10-24 16:43:13', '2016-10-24 16:43:13', NULL),
(925, 'HITALO GOMES DE ARAúJO SILVA', 31010003065, '172.16.108.238', '', 1, 3, 1, '2016-10-24 16:43:13', '2016-10-24 16:43:13', NULL),
(926, 'HITALO GOMES DE ARAúJO SILVA', 31010003065, ' 10.200.33.134', '', 1, 3, 1, '2016-10-24 16:43:13', '2016-10-24 16:43:13', NULL),
(927, 'BRUNO EVANDRO FUINI', 31010003196, '10.200.33.135', '', 1, 3, 1, '2016-10-24 16:43:13', '2016-10-24 16:43:13', NULL),
(928, 'ADRIELE ', 31010002413, '172.16.119.112', '', 3, 3, 1, '2016-10-24 16:43:13', '2016-10-24 16:43:13', NULL),
(929, 'PAULO JOSé DE CAMPOS NOGUEIRA', 938645, '172.16.115.234', '', 2, 3, 3, '2016-10-24 16:43:13', '2016-10-24 16:43:13', NULL),
(931, 'JOSé HENRIQUE SCAGLIA ', 31010002929, '172.16.108.239', '', 1, 3, 1, '2016-10-24 16:43:13', '2016-10-24 16:43:13', NULL),
(932, 'ANGELA APARECIDA ORRU', 31010002917, '172.16.108.240', '', 1, 3, 1, '2016-10-24 16:43:13', '2016-10-24 16:43:13', NULL),
(933, 'JULIA GONçALVES', 31010001656, '172.16.119.114', '', 3, 3, 1, '2016-10-24 16:43:13', '2016-10-24 16:43:13', NULL),
(934, 'MáRCIO VIEIRA MAGALHãES JUNIOR', 31010003432, '172.16.115.236', '', 2, 3, 1, '2016-10-24 16:43:13', '2016-10-24 16:43:13', NULL),
(935, 'ARYADNE ARTUZO', 31010002565, '172.16.115.237', '', 2, 3, 1, '2016-10-24 16:43:13', '2016-10-24 16:43:13', NULL),
(936, 'LUANA RIBEIRO', 31010001258, '10.200.33.139', '', 1, 3, 1, '2016-10-24 16:43:13', '2016-10-24 16:43:13', NULL),
(937, 'JULIO CÉSAR COMPARINI BOTARELLI', 31010001110, '10.200.33.138', '', 1, 3, 1, '2016-10-24 16:43:13', '2016-10-24 16:43:13', NULL),
(939, 'PAOLA SILVA RODRIGUES', 31010002593, '172.16.115.238', '', 2, 3, 1, '2016-10-24 16:43:13', '2016-10-24 16:43:13', NULL),
(940, 'ANA ALICE DA SILVA LIMA', 31010003282, '10.200.33.137', '', 1, 3, 1, '2016-10-24 16:43:13', '2016-10-24 16:43:13', NULL),
(941, 'CRISTINA MáRIO ', 31010002812, '10.200.33.136', '', 1, 3, 1, '2016-10-24 16:43:13', '2016-10-24 16:43:13', NULL),
(942, 'JOAO EMILIO BARTOLOMEI BORTOLOTTO', 31010002055, '172.16.108.241', '', 1, 3, 1, '2016-10-24 16:43:13', '2016-10-24 16:43:13', NULL),
(943, 'DANIEL SAMOGIN ', 31010002398, '172.16.115.239', '', 2, 3, 1, '2016-10-24 16:43:13', '2016-10-24 16:43:13', NULL),
(944, 'CARLOS RUFINO DE CARVALHOS', 31010003439, '10.200.33.140', '', 1, 3, 1, '2016-10-24 16:43:13', '2016-10-24 16:43:13', NULL),
(946, 'WAGNER CORREA FILHO ', 31010003413, ' 172.16.108.46', '', 1, 3, 1, '2016-10-24 16:43:13', '2016-10-24 16:43:13', NULL),
(948, 'DANILO SCARPIONI SILVA', 31010000214, ' 172.16.121.197', '', 4, 3, 1, '2016-10-24 16:43:13', '2016-10-24 16:43:13', NULL),
(949, 'PRISCILA DE OLIVEIRA FRANCISCO', 31010002831, ' 10.200.33.141', '', 1, 3, 1, '2016-10-24 16:43:13', '2016-10-24 16:43:13', NULL),
(951, 'BRUNO ROSSI PINTO', 31010001164, ' 10.200.33.142', '', 1, 3, 1, '2016-10-24 16:43:13', '2016-10-24 16:43:13', NULL),
(952, 'ÉRIKA DE LIMA  ALVES GERMANO ', 31010000275, '172.16.119.115', '', 3, 3, 1, '2016-10-24 16:43:13', '2016-10-24 16:43:13', NULL),
(953, 'CAROLINA DE SOUZA FREITAS', 31010001129, ' 172.16.108.242', '', 1, 3, 1, '2016-10-24 16:43:13', '2016-10-24 16:43:13', NULL),
(955, 'ELIANE CRISTINA BOSSO CAVALARI', 31010003486, ' 172.16.108.243', '', 1, 3, 1, '2016-10-24 16:43:13', '2016-10-24 16:43:13', NULL),
(956, 'KARINA APARECIDA RODRIGUES DOS SANTOS', 31010002730, '172.16.115.240', '', 2, 3, 1, '2016-10-24 16:43:13', '2016-10-24 16:43:13', NULL),
(957, 'GLAUCIA ORTOLAN', 31010003406, '10.200.33.143', '', 1, 3, 1, '2016-10-24 16:43:13', '2016-10-24 16:43:13', NULL),
(958, 'ANDREIA MARIA DOS SANTOS', 31010001338, '172.16.108.244', '', 1, 3, 1, '2016-10-24 16:43:13', '2016-10-24 16:43:13', NULL),
(959, 'ASSIS MIGUEL PALANDI', 31010002152, '172.16.115.241', '', 2, 3, 1, '2016-10-24 16:43:13', '2016-10-24 16:43:13', NULL),
(960, 'NATALIA GOMES FERREIRA', 31010002659, '10.200.33.144', '', 1, 3, 1, '2016-10-24 16:43:13', '2016-10-24 16:43:13', NULL),
(961, 'JOAQUIM ANTUNES NETO', 59863, '10.200.33.145', '', 1, 3, 3, '2016-10-24 16:43:13', '2016-10-24 16:43:13', NULL),
(962, 'GABRIELA MOREIRA', 31010000435, '172.16.121.198', '', 4, 3, 1, '2016-10-24 16:43:13', '2016-10-24 16:43:13', NULL),
(964, 'MARCELO DE SOUZA BUENO', 31010002679, '172.16.115.242', '', 2, 3, 1, '2016-10-24 16:43:13', '2016-10-24 16:43:13', NULL),
(965, 'MARCIA LOPES DA CONCEIçãO ', 31010003411, '172.16.108.245', '', 1, 3, 1, '2016-10-24 16:43:13', '2016-10-24 16:43:13', NULL),
(967, 'THIAGO DE SOUZA FOLADOR', 3102991848, '172.16.108.246', '', 1, 3, 2, '2016-10-24 16:43:13', '2016-10-24 16:43:13', NULL),
(968, 'FLAVIA LETICIA RULIM', 31010002521, '172.16.121.199', '', 4, 3, 1, '2016-10-24 16:43:13', '2016-10-24 16:43:13', NULL),
(969, 'MARCOS ANTôNIO PELIZER', 3104962767, ' 172.16.121.202', '', 4, 3, 2, '2016-10-24 16:43:13', '2016-10-24 16:43:13', NULL),
(970, 'PAULO HENRIQUE DE GODOI FARIA', 31010003349, '172.16.115.244', '', 2, 3, 1, '2016-10-24 16:43:13', '2016-10-24 16:43:13', NULL),
(971, 'JOãO BATISTA GUILHERME DO NASCIMENTO', 31010003048, '172.16.119.116', '', 3, 3, 1, '2016-10-24 16:43:13', '2016-10-24 16:43:13', NULL),
(972, 'FRANCIELE DE OLIVEIRA BARSOTTINI', 31010002891, '172.16.119.117', '', 3, 3, 1, '2016-10-24 16:43:13', '2016-10-24 16:43:13', NULL),
(974, 'THIAGO DE SOUZA FOLADOR', 3102991848, '172.16.115.250', '', 2, 3, 2, '2016-10-24 16:43:13', '2016-10-24 16:43:13', NULL),
(975, 'LUCAS ELIAS DE ANDRADE', 31010001589, '172.16.115.247', '', 2, 3, 1, '2016-10-24 16:43:13', '2016-10-24 16:43:13', NULL),
(976, 'LUCINEIDE ALVES DA SILVA', 31010002188, '172.16.115.248', '', 2, 3, 1, '2016-10-24 16:43:13', '2016-10-24 16:43:13', NULL),
(977, 'JOãO MáRIO GERVAZONI', 31010003053, '172.16.115.249', '', 2, 3, 1, '2016-10-24 16:43:13', '2016-10-24 16:43:13', NULL),
(979, 'GIOVANI PEREIRA CUSTODIO', 31010001331, '10.200.33.146', '', 1, 3, 1, '2016-10-24 16:43:13', '2016-10-24 16:43:13', NULL),
(980, 'GABRIELA REGENERATI BAYARDI', 31010003203, '10.200.33.147', '', 1, 3, 1, '2016-10-24 16:43:13', '2016-10-24 16:43:13', NULL),
(981, 'FáBIO CRISTIANO DELAVIA', 31010001257, '10.200.33.148', '', 1, 3, 1, '2016-10-24 16:43:13', '2016-10-24 16:43:13', NULL),
(982, 'FABIO ALEXANDRE VASCONCELOS', 31010001229, '172.16.108.247', '', 1, 3, 1, '2016-10-24 16:43:13', '2016-10-24 16:43:13', NULL),
(983, 'ÉRITON LEANDRO DA SILVA', 31010003407, '172.16.115.243', '', 2, 3, 1, '2016-10-24 16:43:13', '2016-10-24 16:43:13', NULL),
(984, 'JUSLEI MORAES DA SILVA', 31010001318, '172.16.108.248', '', 1, 3, 1, '2016-10-24 16:43:13', '2016-10-24 16:43:13', NULL),
(985, 'BRUNA  BERNARDES DE SOUZA', 31010003193, '172.16.108.249', '', 1, 3, 1, '2016-10-24 16:43:13', '2016-10-24 16:43:13', NULL),
(986, 'HITALO GOMES DE ARAúJO SILVA', 31010003065, '172.16.115.251', '', 2, 3, 1, '2016-10-24 16:43:13', '2016-10-24 16:43:13', NULL),
(987, 'FERNANDA APARECIDA DE LIMA', 31010003033, '172.16.115.252', '', 2, 3, 1, '2016-10-24 16:43:13', '2016-10-24 16:43:13', NULL),
(989, 'ANA CLARA REGENERATI GONçALVES ', 31010002899, '172.16.115.253', '', 2, 3, 1, '2016-10-24 16:43:13', '2016-10-24 16:43:13', NULL),
(991, 'KARINA APARECIDA RODRIGUES DOS SANTOS', 31010002730, '172.16.108.250', '', 1, 3, 1, '2016-10-24 16:43:13', '2016-10-24 16:43:13', NULL),
(992, 'MILENE CRISTINA CELESTINO', 31010001384, '172.16.108.251', '', 1, 3, 1, '2016-10-24 16:43:13', '2016-10-24 16:43:13', NULL),
(993, 'FLAVIO ALVES ', 31010003030, '172.16.115.254', '', 2, 3, 1, '2016-10-24 16:43:13', '2016-10-24 16:43:13', NULL),
(994, 'RAFAELA FREITAS DE OLIVEIRA PRETO', 31010002349, '10.200.33.151', '', 1, 3, 1, '2016-10-24 16:43:13', '2016-10-24 16:43:13', NULL),
(995, 'YANCA GODOY ', 31010002477, '10.200.33.152', '', 1, 3, 1, '2016-10-24 16:43:13', '2016-10-24 16:43:13', NULL),
(996, 'BRUNO HENRIQUE DA SILVA', 31010002792, '172.16.119.118', '', 3, 3, 1, '2016-10-24 16:43:13', '2016-10-24 16:43:13', NULL),
(998, 'CAMILA RAMOS', 31010002400, '10.200.33.153', '', 1, 3, 1, '2016-10-24 16:43:13', '2016-10-24 16:43:13', NULL),
(999, 'JULIE ANE RAMOS', 31010002305, '10.200.33.154', '', 1, 3, 1, '2016-10-24 16:43:13', '2016-10-24 16:43:13', NULL),
(1000, 'LETíCIA RICILUCA BATISTA', 31010003151, '172.16.119.119', '', 3, 3, 1, '2016-10-24 16:43:13', '2016-10-24 16:43:13', NULL),
(1001, 'JEFFERSON DA HORA GUIDI', 31010002667, ' 172.16.112.3', '', 2, 3, 1, '2016-10-24 16:43:13', '2016-10-24 16:43:13', NULL),
(1002, 'ELIAS PEREIRA DA SILVA', 31010002491, '172.16.112.4', '', 2, 3, 1, '2016-10-24 16:43:13', '2016-10-24 16:43:13', NULL),
(1003, 'JEAN BITTENCOURT', 31010002660, '172.16.112.5', '', 2, 3, 1, '2016-10-24 16:43:13', '2016-10-24 16:43:13', NULL),
(1005, 'MAIARA CRISTINA ALEXANDRE DE FREITAS', 31010002378, '172.16.119.121', '', 3, 3, 1, '2016-10-24 16:43:13', '2016-10-24 16:43:13', NULL),
(1006, 'ESTER DA SILVA', 31010002822, ' 172.16.119.120', '', 3, 3, 1, '2016-10-24 16:43:13', '2016-10-24 16:43:13', NULL),
(1007, 'ANDERSON RAFAEL MASSARI', 31010003289, ' 172.16.108.252', '', 1, 3, 1, '2016-10-24 16:43:13', '2016-10-24 16:43:13', NULL),
(1009, 'AMANDA ROSSI VENâNCIO DA SILVA ', 31010003200, '10.200.33.155', '', 1, 3, 1, '2016-10-24 16:43:13', '2016-10-24 16:43:13', NULL),
(1010, 'CíCERO HENRIQUE RIBEIRO BATISTA ', 31010003232, '10.200.33.156', '', 1, 3, 1, '2016-10-24 16:43:13', '2016-10-24 16:43:13', NULL),
(1011, 'FLAVIO ALVES', 31010003030, ' 172.16.108.253', '', 1, 3, 1, '2016-10-24 16:43:13', '2016-10-24 16:43:13', NULL),
(1013, 'RAMON VINICIO SOARES', 31010003070, '172.16.108.254', '', 1, 3, 1, '2016-10-24 16:43:13', '2016-10-24 16:43:13', NULL),
(1014, 'LIDIA CRISTINA DO NASCIMENTO', 31010003201, '172.16.119.122', '', 3, 3, 1, '2016-10-24 16:43:13', '2016-10-24 16:43:13', NULL),
(1015, 'RITA DE CASSIA BASTOS DA CRUZ OLIVEIRA', 31010002828, '172.16.112.6', '', 2, 3, 1, '2016-10-24 16:43:13', '2016-10-24 16:43:13', NULL),
(1017, 'THIAGO DE SOUZA FOLADOR', 3102991848, '10.200.33.161', '', 1, 3, 2, '2016-10-24 16:43:13', '2016-10-24 16:43:13', NULL),
(1018, 'HAI GA JEAN PATAPANIAN', 31010002089, '172.16.109.6', '', 1, 3, 1, '2016-10-24 16:43:13', '2016-10-24 16:43:13', NULL),
(1019, 'DOUGLAS FERNANDO DE OLIVEIRA IGIDIO', 31010003032, '10.200.33.158', '', 1, 3, 1, '2016-10-24 16:43:13', '2016-10-24 16:43:13', NULL),
(1020, 'FERNANDA RITA DE CARVALHO ', 31010003037, '172.16.109.3', '', 1, 3, 1, '2016-10-24 16:43:13', '2016-10-24 16:43:13', NULL),
(1021, 'FERNANDA MILANI', 31010003431, '172.16.119.123', '', 3, 3, 1, '2016-10-24 16:43:13', '2016-10-24 16:43:13', NULL),
(1023, ' FLáVIO HENRIQUE ALVES', 31010003030, '10.200.33.159', '', 1, 3, 1, '2016-10-24 16:43:13', '2016-10-24 16:43:13', NULL),
(1024, 'LUIS HENRIQUE MARTINS DA ROCHA', 31010002518, '10.200.33.160', '', 1, 3, 1, '2016-10-24 16:43:13', '2016-10-24 16:43:13', NULL),
(1025, 'MARIANE BERNARDES PINTO', 31010000567, '10.200.33.163', '', 1, 3, 1, '2016-10-24 16:43:13', '2016-10-24 16:43:13', NULL),
(1026, 'HAI GA JEAN PATAPANIAN', 31010002089, '10.200.33.162', '', 1, 3, 1, '2016-10-24 16:43:13', '2016-10-24 16:43:13', NULL),
(1028, 'MARIA DE LOURDES BERNARDES DA SILVA PINHEIRO ', 31010001685, '172.16.119.128', '', 3, 3, 1, '2016-10-24 16:43:13', '2016-10-24 16:43:13', NULL),
(1029, 'MARIA RODA SEQUEIRA DE VELARDEZ', 479446, '172.16.109.10', '', 1, 3, 3, '2016-10-24 16:43:13', '2016-10-24 16:43:13', NULL),
(1030, 'LIDIANE APARECIDA BOSSO', 31010003421, '172.16.109.11', '', 1, 3, 1, '2016-10-24 16:43:13', '2016-10-24 16:43:13', NULL),
(1031, 'ICARO PACHECO RODRIGUES', 31010003250, '172.16.119.127', '', 3, 3, 1, '2016-10-24 16:43:13', '2016-10-24 16:43:13', NULL),
(1032, 'JOãO MARCOS TEIXEIRA SOARES', 31010002506, '172.16.109.9', '', 1, 3, 1, '2016-10-24 16:43:13', '2016-10-24 16:43:13', NULL),
(1033, 'RAY ALVES', 31010003079, '172.16.119.126', '', 3, 3, 1, '2016-10-24 16:43:13', '2016-10-24 16:43:13', NULL),
(1034, 'TALITA DE SOUZA ', 31010003121, '172.16.119.125', '', 3, 3, 1, '2016-10-24 16:43:13', '2016-10-24 16:43:13', NULL),
(1035, 'MICHELE LEME', 31010002964, '172.16.119.124', '', 3, 3, 1, '2016-10-24 16:43:13', '2016-10-24 16:43:13', NULL),
(1036, 'JESSICA ANANDA MARIANO', 31010001330, '172.16.119.129', '', 3, 3, 1, '2016-10-24 16:43:13', '2016-10-24 16:43:13', NULL),
(1037, 'LUANA DE OLIVEIRA SILVA', 31010003058, '172.16.109.11', '', 1, 3, 1, '2016-10-24 16:43:13', '2016-10-24 16:43:13', NULL),
(1038, 'MARIA DE LOURDES BERNARDES DA SILVA PINHEIRO', 31010001685, '172.16.119.130', '', 3, 3, 1, '2016-10-24 16:43:13', '2016-10-24 16:43:13', NULL),
(1039, 'MATEUS JOSé APARECIDO SAVIANI TENóRIO ', 31010002976, ' 10.200.33.165', '', 1, 3, 1, '2016-10-24 16:43:13', '2016-10-24 16:43:13', NULL),
(1040, 'PAULA DE PAULA LACERDA', 31010003097, '172.16.112.7', '', 2, 3, 1, '2016-10-24 16:43:13', '2016-10-24 16:43:13', NULL),
(1042, 'ANDRE LUIS SOUZA', 31010003019, '172.16.109.12', '', 1, 3, 1, '2016-10-24 16:43:13', '2016-10-24 16:43:13', NULL),
(1043, 'JULIANA CRISTINA DE FREITAS', 988090, '172.16.112.8', '', 2, 3, 3, '2016-10-24 16:43:13', '2016-10-24 16:43:13', NULL),
(1044, 'ISABELLY DIAS ALVES ', 31010002354, '10.200.33.166', '', 1, 3, 1, '2016-10-24 16:43:13', '2016-10-24 16:43:13', NULL),
(1045, 'ALINE ZULMIRA DA SILVA', 31010002832, '10.200.33.167', '', 1, 3, 1, '2016-10-24 16:43:13', '2016-10-24 16:43:13', NULL),
(1046, 'FABIO BORGES DE OLIVEIRA', 732761, '172.16.109.13', '', 1, 3, 3, '2016-10-24 16:43:13', '2016-10-24 16:43:13', NULL),
(1047, 'PEDRO CAVALLARI BORGES JR', 31010003, ' 172.16.112.9', '', 2, 3, 1, '2016-10-24 16:43:13', '2016-10-24 16:43:13', NULL),
(1048, 'PATRICIA BAUMANN POLI', 160563, '172.16.109.14', '', 1, 3, 3, '2016-10-24 16:43:13', '2016-10-24 16:43:13', NULL),
(1049, 'FÁBIO LUIZ FELISBERTO ', 31010001280, '172.16.112.11', '', 2, 3, 1, '2016-10-24 16:43:13', '2016-10-24 16:43:13', NULL),
(1050, 'ANDREIA MARIA DOS SANTOS', 31010001338, '172.16.112.12', '', 2, 3, 1, '2016-10-24 16:43:13', '2016-10-24 16:43:13', NULL),
(1051, 'ANA PAULA JACINTO ', 31010001980, '10.200.33.169', '', 1, 3, 1, '2016-10-24 16:43:13', '2016-10-24 16:43:13', NULL),
(1052, 'JOãO MáRIO GERVAZONI', 31010003053, '172.16.109.15', '', 1, 3, 1, '2016-10-24 16:43:13', '2016-10-24 16:43:13', NULL),
(1053, 'CAROLINA FONTOLAN', 31010002843, '172.16.121.203', '', 4, 3, 1, '2016-10-24 16:43:13', '2016-10-24 16:43:13', NULL),
(1054, 'ANDERSON LUIS RODRIGUERS', 31010002849, '172.16.112.13', '', 2, 3, 1, '2016-10-24 16:43:13', '2016-10-24 16:43:13', NULL),
(1055, 'WALTER KEMP NETO', 31010002698, '172.16.112.14', '', 2, 3, 1, '2016-10-24 16:43:13', '2016-10-24 16:43:13', NULL),
(1056, 'JHULIELI DE MORAIS MANOEL ', 31010002769, '172.16.112.10', '', 2, 3, 1, '2016-10-24 16:43:13', '2016-10-24 16:43:13', NULL),
(1057, 'EVERTON UCHIDA SBRISSE', 31010003217, '10.200.33.170', '', 1, 3, 1, '2016-10-24 16:43:13', '2016-10-24 16:43:13', NULL),
(1060, 'MARIA INêS DE OLIVEIRA POLONI', 69124, '172.16.119.113', '', 3, 3, 3, '2016-10-24 16:43:13', '2016-10-24 16:43:13', NULL),
(1063, 'EVELISE GIL LUCENA', 31010002515, '172.16.109.17', '', 1, 3, 1, '2016-10-24 16:43:13', '2016-10-24 16:43:13', NULL),
(1064, 'ROSEMARY FAVERO', 31010000978, '172.16.109.18', '', 1, 3, 1, '2016-10-24 16:43:13', '2016-10-24 16:43:13', NULL),
(1065, 'HUDSON HENRIQUE PEREIRA', 827967, '172.16.112.15', '', 2, 3, 3, '2016-10-24 16:43:13', '2016-10-24 16:43:13', NULL),
(1067, 'JOAO PAULO CAPOVILLA FRANCISCHINI', 31010003089, '10.200.33.171', '', 1, 3, 1, '2016-10-24 16:43:13', '2016-10-24 16:43:13', NULL),
(1068, 'ALEXANDRA PAULA DA SILVA', 31010001637, '172.16.112.16', '', 2, 3, 1, '2016-10-24 16:43:13', '2016-10-24 16:43:13', NULL),
(1069, 'IVONE DOMINGOS DA SILVA', 31010002742, '172.16.119.131', '', 3, 3, 1, '2016-10-24 16:43:13', '2016-10-24 16:43:13', NULL),
(1071, 'FABIO BORGES DE OLIVEIRA', 732761, '172.16.121.205', '', 4, 3, 3, '2016-10-24 16:43:13', '2016-10-24 16:43:13', NULL),
(1072, 'LUCAS ELIAS DE ANDRADE', 31010001589, '172.16.109.21', '', 1, 3, 1, '2016-10-24 16:43:13', '2016-10-24 16:43:13', NULL),
(1073, 'ALEXANDRA PAULA DA SILVA', 31010001637, ' 172.16.109.22', '', 1, 3, 1, '2016-10-24 16:43:13', '2016-10-24 16:43:13', NULL),
(1074, 'BRUNA CHRISTINA JODAS POSTIGO ', 31010003145, '172.16.119.133', '', 3, 3, 1, '2016-10-24 16:43:13', '2016-10-24 16:43:13', NULL),
(1075, 'VITOR LACERDA', 31010003233, '172.16.109.23', '', 1, 3, 1, '2016-10-24 16:43:13', '2016-10-24 16:43:13', NULL),
(1076, 'MARCOS CESAR DA SILVA SAKZENIAN', 31010003197, '172.16.109.24', '', 1, 3, 1, '2016-10-24 16:43:13', '2016-10-24 16:43:13', NULL),
(1077, 'MARCIA LOPES DA CONCEIçãO ', 31010003411, '172.16.112.17', '', 2, 3, 1, '2016-10-24 16:43:13', '2016-10-24 16:43:13', NULL),
(1078, 'YANCA GODOY ', 31010002477, '172.16.109.25', '', 1, 3, 1, '2016-10-24 16:43:13', '2016-10-24 16:43:13', NULL),
(1079, 'MONIQUE APARECIDA PEREIRA ', 31010002198, '172.16.121.204', '', 4, 3, 1, '2016-10-24 16:43:13', '2016-10-24 16:43:13', NULL),
(1080, 'ANDRé LUíS SOUZA', 31010003019, '10.200.33.174', '', 1, 3, 1, '2016-10-24 16:43:13', '2016-10-24 16:43:13', NULL),
(1081, 'JESSICA RODRIGUES DE LIMA', 31010002991, '10.200.33.175', '', 1, 3, 1, '2016-10-24 16:43:13', '2016-10-24 16:43:13', NULL),
(1082, 'LILIAN FERNANDA DA CUNHA', 31010002608, '172.16.119.134', '', 3, 3, 1, '2016-10-24 16:43:13', '2016-10-24 16:43:13', NULL),
(1111, 'MIRIAN A F ZANESCO', 491497, '172.16.109.41', '', 1, 3, 3, '2016-10-24 16:43:13', '2016-10-24 16:43:13', NULL),
(1113, 'MARIA ISABEL MENEGHINI BARBOSA ', 31010002148, '10.200.33.185', '', 1, 3, 1, '2016-10-24 16:43:13', '2016-10-24 16:43:13', NULL),
(1114, 'RAYANE RAFAELA DA SILVA ORTOLAN', 3102, '10.200.33.186', '', 1, 3, 2, '2016-10-24 16:43:13', '2016-10-24 16:43:13', NULL),
(1115, 'DANIELA CRISTINA SANDY TUROLE', 3102059560, '172.16.109.43', '', 1, 3, 2, '2016-10-24 16:43:13', '2016-10-24 16:43:13', NULL),
(1126, 'RAFAELA FREITAS DE OLIVEIRA PRETO', 31010002349, '172.16.109.54', '', 1, 3, 1, '2016-10-24 16:43:13', '2016-10-24 16:43:13', NULL),
(1127, 'RITA DE CáSSIA RIBEIRO ARAúJO ', 31010002334, '10.200.33.190', '', 1, 3, 1, '2016-10-24 16:43:13', '2016-10-24 16:43:13', NULL),
(1128, 'RITA DE CáSSIO RIBEIRO ARAúJO ', 31010002334, '172.16.109.55', '', 1, 3, 1, '2016-10-24 16:43:13', '2016-10-24 16:43:13', NULL),
(1129, 'POLIANA CASTRO', 31010002239, '172.16.109.56', '', 1, 3, 1, '2016-10-24 16:43:13', '2016-10-24 16:43:13', NULL),
(1130, 'KAREN DE PAULO', 31010002370, '172.16.109.57', '', 1, 3, 1, '2016-10-24 16:43:13', '2016-10-24 16:43:13', NULL),
(1131, 'RENATO ADAO JUNIOR', 31010002227, '172.16.112.18', '', 2, 3, 1, '2016-10-24 16:43:13', '2016-10-24 16:43:13', NULL),
(1132, 'JULIE ANE RAMOS', 31010002305, '172.16.109.58', '', 1, 3, 1, '2016-10-24 16:43:13', '2016-10-24 16:43:13', NULL),
(1133, 'CAMILA RAMOS', 31010002400, '172.16.109.59', '', 1, 3, 1, '2016-10-24 16:43:13', '2016-10-24 16:43:13', NULL),
(1134, 'KAYLAYNE FREITAS', 31010002366, '10.200.33.191', '', 1, 3, 1, '2016-10-24 16:43:13', '2016-10-24 16:43:13', NULL),
(1135, 'TATIANE BRAION CONTESSOTTO', 31010003125, '172.16.121.208', '', 4, 3, 1, '2016-10-24 16:43:13', '2016-10-24 16:43:13', NULL),
(1136, 'SILMARA ALEXANDRA DESTEFANO', 31010003231, '172.16.121.209', '', 4, 3, 1, '2016-10-24 16:43:13', '2016-10-24 16:43:13', NULL),
(1138, 'PAULO HENRIQUE DE GODOI FARIA', 31010003349, '172.16.112.19', '', 2, 3, 1, '2016-10-24 16:43:13', '2016-10-24 16:43:13', NULL),
(1139, 'PAULO CALIL', 31010000107, '172.16.109.60', '', 1, 3, 1, '2016-10-24 16:43:13', '2016-10-24 16:43:13', NULL),
(1140, 'JESSICA RODRIGUES DE LIMA', 31010002991, '10.200.33.192', '', 1, 3, 1, '2016-10-24 16:43:13', '2016-10-24 16:43:13', NULL),
(1141, 'MELISSA AMANDA MAGALHAES DE SOUZA', 31010002894, '172.16.121.211', '', 4, 3, 1, '2016-10-24 16:43:13', '2016-10-24 16:43:13', NULL),
(1143, 'THIAGO FERREIRA', 31010003083, '172.16.121.210', '', 4, 3, 1, '2016-10-24 16:43:13', '2016-10-24 16:43:13', NULL),
(1144, 'RITA DE CASSIA DOMINGUES', 31010003222, '172.16.121.212', '', 4, 3, 1, '2016-10-24 16:43:13', '2016-10-24 16:43:13', NULL),
(1146, 'VERONICA MARIA GUERREIRO PAULINO DA COSTA', 31010003116, ' 10.200.33.193', '', 1, 3, 1, '2016-10-24 16:43:13', '2016-10-24 16:43:13', NULL),
(1148, 'MAURíCIO ANSELMO REIS', 31010003138, '172.16.121.214', '', 4, 3, 1, '2016-10-24 16:43:13', '2016-10-24 16:43:13', NULL);
INSERT INTO `requisicoes` (`id`, `nome`, `rarefunc`, `ip`, `MAC`, `campus_id`, `status_id`, `usuarioTipo_id`, `created_at`, `updated_at`, `deleted_at`) VALUES
(1149, 'JúLIA OLIVEIRA', 31010002548, '172.16.109.61', '', 1, 3, 1, '2016-10-24 16:43:13', '2016-10-24 16:43:13', NULL),
(1150, 'CRISLAINE EVELI DIAS ', 31010003082, '172.16.121.215', '', 4, 3, 1, '2016-10-24 16:43:13', '2016-10-24 16:43:13', NULL),
(1151, 'JúLIA OLIVEIRA', 31010002548, '10.200.33.194', '', 1, 3, 1, '2016-10-24 16:43:13', '2016-10-24 16:43:13', NULL),
(1153, 'DANILO SCARPIONI SILVA', 31010000214, '172.16.121.216', '', 4, 3, 1, '2016-10-24 16:43:13', '2016-10-24 16:43:13', NULL),
(1154, 'CAMILA REIS', 31010003487, '172.16.112.20', '', 2, 3, 1, '2016-10-24 16:43:13', '2016-10-24 16:43:13', NULL),
(1155, 'THALYTA ALINE  CAVENAGHI', 31010002863, '172.16.121.218', '', 4, 3, 1, '2016-10-24 16:43:13', '2016-10-24 16:43:13', NULL),
(1156, 'RAUY JORDAN SOARES FERREIRA', 31010003226, '172.16.112.21', '', 2, 3, 1, '2016-10-24 16:43:13', '2016-10-24 16:43:13', NULL),
(1157, 'JHENNIFER STEFANY DA SILVA', 31010003408, '172.16.121.219', '', 4, 3, 1, '2016-10-24 16:43:13', '2016-10-24 16:43:13', NULL),
(1158, 'MAYARA CRISTINA LOPES', 31010002632, '172.16.112.22', '', 2, 3, 1, '2016-10-24 16:43:13', '2016-10-24 16:43:13', NULL),
(1159, 'KARJAN ALVES DE OLIVEIRA', 31010003371, '172.16.121.221', '', 4, 3, 1, '2016-10-24 16:43:13', '2016-10-24 16:43:13', NULL),
(1161, 'JOAO PEDRO EXPEDITO DE ALMEIDA', 31010000636, '172.16.112.23', '', 2, 3, 1, '2016-10-24 16:43:13', '2016-10-24 16:43:13', NULL),
(1162, 'LUANA APARECIDA FORMIGARI', 31010002886, '172.16.119.135', '', 3, 3, 1, '2016-10-24 16:43:13', '2016-10-24 16:43:13', NULL),
(1163, 'CAMILA RAMOS', 31010002400, '10.200.33.195', '', 1, 3, 1, '2016-10-24 16:43:13', '2016-10-24 16:43:13', NULL),
(1164, 'MáRCIO VIEIRA MAGALHãES JúNIOR ', 31010003432, '172.16.121.222', '', 4, 3, 1, '2016-10-24 16:43:13', '2016-10-24 16:43:13', NULL),
(1165, 'ANDRESSA APARECIDA LELLISA DE SOUZA', 31010002893, '172.16.121.217', '', 4, 3, 1, '2016-10-24 16:43:13', '2016-10-24 16:43:13', NULL),
(1168, 'THAYNá MARIA GODOI DE ASSIS ', 31010002440, '172.16.112.24', '', 2, 3, 1, '2016-10-24 16:43:13', '2016-10-24 16:43:13', NULL),
(1169, 'TAIS ROTTOLI', 31010001193, '172.16.109.62', '', 1, 3, 1, '2016-10-24 16:43:13', '2016-10-24 16:43:13', NULL),
(1170, 'JAQUELINE JUSTINO LOYOLA', 31010002949, '10.200.33.196', '', 1, 3, 1, '2016-10-24 16:43:13', '2016-10-24 16:43:13', NULL),
(1171, 'CARLA GABRIELE APARECIDA DOS SANTOS', 31010003399, '172.16.121.213', '', 4, 3, 1, '2016-10-24 16:43:13', '2016-10-24 16:43:13', NULL),
(1176, 'RONI ALMEIDA DOS SANTOS', 31010001951, '10.200.33.197', '', 1, 3, 1, '2016-10-24 16:43:13', '2016-10-24 16:43:13', NULL),
(1177, 'LUIS ANTONIO DA SILVA CARVALHO', 31010003390, '10.200.33.198', '', 1, 3, 1, '2016-10-24 16:43:13', '2016-10-24 16:43:13', NULL),
(1178, 'LUCCA FONSECA', 31010002466, '172.16.112.25', '', 2, 3, 1, '2016-10-24 16:43:13', '2016-10-24 16:43:13', NULL),
(1179, 'PATRíCIA MARCONDES', 31010003111, '172.16.109.48', '', 1, 3, 1, '2016-10-24 16:43:13', '2016-10-24 16:43:13', NULL),
(1180, 'SUZI CRISTINAALVESMACHADO', 31010003090, ' 172.16.109.47', '', 1, 3, 1, '2016-10-24 16:43:13', '2016-10-24 16:43:13', NULL),
(1181, 'ANDRESSA PIRES DA SILVA', 31010002206, '10.200.33.199', '', 1, 3, 1, '2016-10-24 16:43:13', '2016-10-24 16:43:13', NULL),
(1182, 'DANILO HENRIQUE COSTA LUZ', 31010002207, '172.16.109.63', '', 1, 3, 1, '2016-10-24 16:43:13', '2016-10-24 16:43:13', NULL),
(1183, 'ABILIO FERRAZ', 31010003, '172.16.112.26', '', 2, 3, 1, '2016-10-24 16:43:13', '2016-10-24 16:43:13', NULL),
(1185, 'CLEIDE APARECIDA MORAIS DA SILVA', 31010001170, '172.16.109.64', '', 1, 3, 1, '2016-10-24 16:43:13', '2016-10-24 16:43:13', NULL),
(1186, 'MARIA ROSANGELA DA SILVA', 31010001371, '172.16.109.65', '', 1, 3, 1, '2016-10-24 16:43:13', '2016-10-24 16:43:13', NULL),
(1187, 'FERNANDA APARECIDA DE LIMA', 31010003033, ' 172.16.121.223', '', 4, 3, 1, '2016-10-24 16:43:13', '2016-10-24 16:43:13', NULL),
(1188, 'PEDRO HENRIQUE AYRES ', 31010003505, '172.16.121.224', '', 4, 3, 1, '2016-10-24 16:43:13', '2016-10-24 16:43:13', NULL),
(1190, 'RENATO IVANIO CUNHA NICIOLI', 31010002646, '172.16.112.27', '', 2, 3, 1, '2016-10-24 16:43:13', '2016-10-24 16:43:13', NULL),
(1191, 'DYANA CRISTINA MAGYORI DA SILVA ACCESSOR', 31010002941, '172.16.115.136', '', 2, 3, 1, '2016-10-24 16:43:13', '2016-10-24 16:43:13', NULL),
(1192, 'TAYANNE FERREIRA DOS SANTOS', 31010003094, ' 172.16.121.227', '', 4, 3, 1, '2016-10-24 16:43:13', '2016-10-24 16:43:13', NULL),
(1193, 'JEAN BITTENCOURT', 31010002660, '172.16.112.28', '', 2, 3, 1, '2016-10-24 16:43:13', '2016-10-24 16:43:13', NULL),
(1194, 'VIVIANE APARECIDA BICCIGO BAPTISTA', 31010003173, ' 172.16.121.228', '', 4, 3, 1, '2016-10-24 16:43:13', '2016-10-24 16:43:13', NULL),
(1195, 'JúLIA OSóRIO DE OLIVEIRA', 31010001186, '172.16.109.66', '', 1, 3, 1, '2016-10-24 16:43:13', '2016-10-24 16:43:13', NULL),
(1196, 'LUIS FELIPE TELINI SANTOS ', 31010001902, ' 172.16.119.136', '', 3, 3, 1, '2016-10-24 16:43:13', '2016-10-24 16:43:13', NULL),
(1197, 'LUCAS MURILO DE LIMA SILVA', 31010002967, '10.200.33.200', '', 1, 3, 1, '2016-10-24 16:43:13', '2016-10-24 16:43:13', NULL),
(1198, 'BEATRIZ BUENO GOES DA SILVA ', 31010001515, '172.16.109.67', '', 1, 3, 1, '2016-10-24 16:43:13', '2016-10-24 16:43:13', NULL),
(1199, 'ANTHONI SILVA SANTOS', 31010002447, '172.16.112.29', '', 2, 3, 1, '2016-10-24 16:43:13', '2016-10-24 16:43:13', NULL),
(1200, 'RODRIGO MARCHI ', 31010002767, '10.200.33.201', '', 1, 3, 1, '2016-10-24 16:43:13', '2016-10-24 16:43:13', NULL),
(1201, 'VERONICA VIEIRA', 31010004101, '10.200.33.202', '', 1, 3, 1, '2016-10-24 16:43:13', '2016-10-24 16:43:13', NULL),
(1202, 'LAIS LOUVO', 31010003084, '10.200.33.203', '', 1, 3, 1, '2016-10-24 16:43:13', '2016-10-24 16:43:13', NULL),
(1203, 'MARIA RITA CEO', 31010004100, '172.16.109.69', '', 1, 3, 1, '2016-10-24 16:43:13', '2016-10-24 16:43:13', NULL),
(1204, 'VERA  TEODORO BALBã0', 31010003325, '172.16.112.30', '', 2, 3, 1, '2016-10-24 16:43:13', '2016-10-24 16:43:13', NULL),
(1206, 'CARMEN MYRELLA APARECIDA DOS SANTOS', 31010003447, '172.16.112.32', '', 2, 3, 1, '2016-10-24 16:43:13', '2016-10-24 16:43:13', NULL),
(1208, 'LUIS MESQUINI', 31010003066, '172.16.112.33', '', 2, 3, 1, '2016-10-24 16:43:13', '2016-10-24 16:43:13', NULL),
(1209, 'ANDRé MONTEIRO SCHLITTLER', 31010002016, '172.16.109.70', '', 1, 3, 1, '2016-10-24 16:43:13', '2016-10-24 16:43:13', NULL),
(1210, 'ANDRé LUIS DA SILVA OLIVEIRA', 31010002965, '172.16.121.230', '', 4, 3, 1, '2016-10-24 16:43:13', '2016-10-24 16:43:13', NULL),
(1212, 'NICHOLAS MANCINI DE SOUZA BUENO', 31010002890, '172.16.112.34', '', 2, 3, 1, '2016-10-24 16:43:13', '2016-10-24 16:43:13', NULL),
(1215, 'POLIANNA SUMAYA PINHEIRO PEREIRA ', 31010003076, '172.16.109.72', '', 1, 3, 1, '2016-10-24 16:43:13', '2016-10-24 16:43:13', NULL),
(1216, 'ROSANGELA DE CAMARGO VIEIRA', 31010002784, '172.16.109.73', '', 1, 3, 1, '2016-10-24 16:43:13', '2016-10-24 16:43:13', NULL),
(1217, 'NATáLIA CAMARGO', 31010002657, '172.16.121.231', '', 4, 3, 1, '2016-10-24 16:43:13', '2016-10-24 16:43:13', NULL),
(1218, 'WYLLERSON GIANELI', 61417, '172.16.121.232', '', 4, 3, 3, '2016-10-24 16:43:13', '2016-10-24 16:43:13', NULL),
(1219, 'MARINA CONCEIçAO CAMPOS', 31010002522, '172.16.109.74', '', 1, 3, 1, '2016-10-24 16:43:13', '2016-10-24 16:43:13', NULL),
(1220, 'FILIPE FELIX DA ROCHA', 31010001185, '172.16.109.75', '', 1, 3, 1, '2016-10-24 16:43:13', '2016-10-24 16:43:13', NULL),
(1221, 'CRISTINA BRESSAGLIA LUCON', 548367, '172.16.119.137', '', 3, 3, 3, '2016-10-24 16:43:13', '2016-10-24 16:43:13', NULL),
(1222, 'GLEISE KELIM PROCOPIO NORBIATO', 31010001208, '10.200.33.204', '', 1, 3, 1, '2016-10-24 16:43:13', '2016-10-24 16:43:13', NULL),
(1223, 'RHAIFE BRIANTI', 31010002962, '10.200.33.205', '', 1, 3, 1, '2016-10-24 16:43:13', '2016-10-24 16:43:13', NULL),
(1224, 'GIOVANI PEREIRA CUSTODIO', 31010001331, '172.16.109.81', '', 1, 2, 1, '2016-10-24 16:43:13', '2016-10-24 16:43:13', NULL),
(1225, 'HUDSON HENRIQUE PEREIRA ', 3101827967, '172.16.109.68', '', 1, 3, 1, '2016-10-24 16:43:13', '2016-10-24 16:43:13', NULL),
(1226, 'EVELYN MARREIRO', 31010003220, '10.200.33.206', '', 1, 3, 1, '2016-10-24 16:43:13', '2016-10-24 16:43:13', NULL),
(1227, 'JUSSARA', 31010004014, '10.200.33.207', '', 1, 3, 1, '2016-10-24 16:43:13', '2016-10-24 16:43:13', NULL),
(1228, 'GABRIELA SANTOS CONCEICAO', 31010002586, '172.16.109.82', '', 1, 3, 1, '2016-10-24 16:43:13', '2016-10-24 16:43:13', NULL),
(1229, 'VANILDA  VERA', 31010003834, '172.16.109.83', '', 1, 3, 1, '2016-10-24 16:43:13', '2016-10-24 16:43:13', NULL),
(1230, 'RAYANE SILVA PRADO DE GODOI', 31010003454, '172.16.109.84', '', 1, 3, 1, '2016-10-24 16:43:13', '2016-10-24 16:43:13', NULL),
(1231, 'BRUNA GERTRUDES DA SILVA', 31010002513, '172.16.109.85', '', 1, 3, 1, '2016-10-24 16:43:13', '2016-10-24 16:43:13', NULL),
(1232, 'ANDREIA MARIA DOS SANTOS ', 31010001338, '10.200.33.208', '', 1, 3, 1, '2016-10-24 16:43:13', '2016-10-24 16:43:13', NULL),
(1233, 'SAMARA ALINE DE JESUS JACOMETTI', 31010002431, '172.16.109.86', '', 1, 3, 1, '2016-10-24 16:43:13', '2016-10-24 16:43:13', NULL),
(1234, 'CARLOS HENRIQUE FARIAS ALBERTI', 31010003561, '172.16.112.35', '', 2, 3, 1, '2016-10-24 16:43:13', '2016-10-24 16:43:13', NULL),
(1235, 'CAMILA APARECIDA FERRAZ DE SOUZA', 31010003612, '172.16.119.138', '', 3, 3, 1, '2016-10-24 16:43:13', '2016-10-24 16:43:13', NULL),
(1238, 'RAí PEREIRA BARBOZA', 31010003975, '10.200.33.209', '', 1, 3, 1, '2016-10-24 16:43:13', '2016-10-24 16:43:13', NULL),
(1239, 'JULIA BRANDAO BARBANTI', 31010003384, '172.16.121.234', '', 4, 3, 1, '2016-10-24 16:43:13', '2016-10-24 16:43:13', NULL),
(1242, 'TUE MARQUES ROTONDANO', 31010001975, '10.200.33.210', '', 1, 3, 1, '2016-10-24 16:43:13', '2016-10-24 16:43:13', NULL),
(1244, 'MARIA CLAUDIA ZANCAN', 31010003508, '172.16.109.87', '', 1, 3, 1, '2016-10-24 16:43:13', '2016-10-24 16:43:13', NULL),
(1245, 'ISABELA APARECIDA COELHO', 31010003940, '172.16.121.235', '', 4, 3, 1, '2016-10-24 16:43:13', '2016-10-24 16:43:13', NULL),
(1247, 'JEFFERSON FRANCO DA ROCHA', 31010004003, '172.16.112.36', '', 2, 3, 1, '2016-10-24 16:43:13', '2016-10-24 16:43:13', NULL),
(1249, 'JOSE ADELSON', 31010003575, '172.16.112.37', '', 2, 3, 1, '2016-10-24 16:43:13', '2016-10-24 16:43:13', NULL),
(1250, 'JAQUELINE EVELYN INACIO RODRIGUES', 31010004107, '172.16.121.236', '', 4, 3, 1, '2016-10-24 16:43:13', '2016-10-24 16:43:13', NULL),
(1251, 'ALESSANDRA  NATáLIA SOUSA', 31010003600, '172.16.112.39', '', 2, 3, 1, '2016-10-24 16:43:13', '2016-10-24 16:43:13', NULL),
(1252, 'BRENDA WINY DOMINGUES', 31010002745, '172.16.119.139', '', 3, 3, 1, '2016-10-24 16:43:13', '2016-10-24 16:43:13', NULL),
(1253, 'WALLACE CRESPO JORDãO ', 31010004075, '172.16.119.140', '', 3, 3, 1, '2016-10-24 16:43:13', '2016-10-24 16:43:13', NULL),
(1254, 'SAMA CAROLINE FERMINO', 31010002814, '172.16.119.141', '', 3, 3, 1, '2016-10-24 16:43:13', '2016-10-24 16:43:13', NULL),
(1256, 'JESSICA PARDIM DE MORAES GUIMARAES', 31010001319, '172.16.119.142', '', 3, 3, 1, '2016-10-24 16:43:13', '2016-10-24 16:43:13', NULL),
(1257, 'GIOVANNA FERLA DA SILVA ', 31010004072, '172.16.112.38', '', 2, 3, 1, '2016-10-24 16:43:13', '2016-10-24 16:43:13', NULL),
(1258, 'LUAN MARQUES DE LIMA', 31010002791, '172.16.109.89', '', 1, 3, 1, '2016-10-24 16:43:13', '2016-10-24 16:43:13', NULL),
(1260, 'MARIA RITA CEO', 31010004100, '10.200.33.211', '', 1, 3, 1, '2016-10-24 16:43:13', '2016-10-24 16:43:13', NULL),
(1261, 'GUILHERME MORAIS DE SOUZA', 31010002735, '172.16.112.40', '', 2, 3, 1, '2016-10-24 16:43:13', '2016-10-24 16:43:13', NULL),
(1262, 'JHENNIFER STEFANY DA SILVA', 31010003408, '172.16.109.90', '', 1, 3, 1, '2016-10-24 16:43:13', '2016-10-24 16:43:13', NULL),
(1263, 'MáRCIO CRISTIANO MARTINS', 31010004094, '172.16.109.91', '', 1, 3, 1, '2016-10-24 16:43:13', '2016-10-24 16:43:13', NULL),
(1264, 'MáRCIO CRISTIANO MARTINS', 31010004094, '10.200.33.212', '', 1, 3, 1, '2016-10-24 16:43:13', '2016-10-24 16:43:13', NULL),
(1266, 'MáRCIO CRISTIANO MARTINS', 31010004094, '172.16.112.41', '', 2, 3, 1, '2016-10-24 16:43:13', '2016-10-24 16:43:13', NULL),
(1269, 'ELAINE ROSA DA SILVA JOAQUIM', 31011539178, '172.16.121.241', '', 1, 3, 1, '2016-10-24 16:43:13', '2016-10-24 16:43:13', NULL),
(1270, 'SAMOEL HERCULES CASTELLANI DANTAS', 31010003850, '172.16.112.42', '', 2, 3, 1, '2016-10-24 16:43:13', '2016-10-24 16:43:13', NULL),
(1271, 'CAREN MALVAO DOS SANTOS FORD ', 31010003926, '172.16.109.92', '', 1, 3, 1, '2016-10-24 16:43:13', '2016-10-24 16:43:13', NULL),
(1273, 'ARY DE LIMA BAUCH', 31010004147, '172.16.112.43', '', 2, 3, 1, '2016-10-24 16:43:13', '2016-10-24 16:43:13', NULL),
(1274, 'FABIO HENRIQUE SANTOS DA SILVA', 31010003571, '172.16.112.44', '', 2, 3, 1, '2016-10-24 16:43:13', '2016-10-24 16:43:13', NULL),
(1277, 'EDUARDO GONçALVES DA CUNHA BARBOSA DO NASCIMENTO', 31010004178, '10.200.33.214', '', 1, 3, 1, '2016-10-24 16:43:13', '2016-10-24 16:43:13', NULL),
(1278, 'GABRIELA TAINÁ DE MORAES DELAI', 31010002296, '10.200.33.215', '', 1, 3, 1, '2016-10-24 16:43:13', '2016-10-24 16:43:13', NULL),
(1280, 'SAMARINA FERREIRA DE SOUZA ', 31010004170, '172.16.119.143', '', 3, 3, 1, '2016-10-24 16:43:13', '2016-10-24 16:43:13', NULL),
(1281, 'VANESSA DA SILVA HORA', 31010003184, '172.16.109.93', '', 1, 3, 1, '2016-10-24 16:43:13', '2016-10-24 16:43:13', NULL),
(1283, 'ISABELA APARECIDA COELHO', 31010003940, '10.200.33.216', '', 1, 3, 1, '2016-10-24 16:43:13', '2016-10-24 16:43:13', NULL),
(1284, 'NATALIA BRANDAO RAMOS', 31010003554, '10.200.33.217', '', 1, 3, 1, '2016-10-24 16:43:13', '2016-10-24 16:43:13', NULL),
(1285, 'RONALDO DA SILVA SANTOS', 31010003192, '172.16.109.94', '', 1, 3, 1, '2016-10-24 16:43:13', '2016-10-24 16:43:13', NULL),
(1286, 'ADRIANO GOMES DOS SANTOS', 31010002371, '10.200.33.218', '', 1, 3, 1, '2016-10-24 16:43:13', '2016-10-24 16:43:13', NULL),
(1287, 'SARITA CANDREVA', 31010001931, '172.16.121.238', '', 4, 3, 1, '2016-10-24 16:43:13', '2016-10-24 16:43:13', NULL),
(1288, 'PALOMA MAGYRORI', 31010001766, '172.16.121.239', '', 4, 3, 1, '2016-10-24 16:43:13', '2016-10-24 16:43:13', NULL),
(1290, 'LUIS ANTONIO DA SILVA CARVALHO', 31010003390, '172.16.109.95', '', 1, 3, 1, '2016-10-24 16:43:13', '2016-10-24 16:43:13', NULL),
(1292, 'JEFFERSON FRANCO DA ROCHA', 31010004003, '172.16.121.240', '', 4, 3, 1, '2016-10-24 16:43:13', '2016-10-24 16:43:13', NULL),
(1293, 'VICTOR HENRIQUE FERNANDES KURIHARA', 31010003880, '10.200.33.219', '', 1, 3, 1, '2016-10-24 16:43:13', '2016-10-24 16:43:13', NULL),
(1294, 'DANILO MARQUES RAIMUNDO', 31010003234, '172.16.112.46', '', 2, 3, 1, '2016-10-24 16:43:13', '2016-10-24 16:43:13', NULL),
(1295, 'FELIPE AUGUSTO DE LIMA', 31010004048, '172.16.109.97', '', 1, 3, 1, '2016-10-24 16:43:13', '2016-10-24 16:43:13', NULL),
(1296, 'ALEX GNANI ', 31010003943, '172.16.112.47', '', 2, 3, 1, '2016-10-24 16:43:13', '2016-10-24 16:43:13', NULL),
(1297, 'KAREN REGE CATINI', 3101002406, '172.16.109.98', '', 1, 3, 1, '2016-10-24 16:43:13', '2016-10-24 16:43:13', NULL),
(1299, 'MATEUS JOSÉ TENÓRIO ', 31010002976, '172.16.109.99', '', 1, 3, 1, '2016-10-24 16:43:13', '2016-10-24 16:43:13', NULL),
(1300, 'LUCAS FERREIRA CAMPOS SILVA ', 31010003906, '172.16.109.100', '', 1, 3, 1, '2016-10-24 16:43:13', '2016-10-24 16:43:13', NULL),
(1301, 'MARIA JúLIA SOUZA AVANCINI ', 31010004177, '172.16.109.103', '', 1, 3, 1, '2016-10-24 16:43:13', '2016-10-24 16:43:13', NULL),
(1302, 'LEANDRO JOSE PEREIRA', 31010002240, '172.16.112.48', '', 2, 3, 1, '2016-10-24 16:43:13', '2016-10-24 16:43:13', NULL),
(1303, 'JOSELY MOREIRA DE SOUZA ', 31010003884, '172.16.109.104', '', 1, 3, 1, '2016-10-24 16:43:13', '2016-10-24 16:43:13', NULL),
(1304, 'PAOLA GOMES TEODORO', 31010002866, '10.200.33.222', '', 1, 3, 1, '2016-10-24 16:43:13', '2016-10-24 16:43:13', NULL),
(1305, 'PAULO JOSE CALIL', 31010000107, '10.200.33.223', '', 1, 3, 1, '2016-10-24 16:43:13', '2016-10-24 16:43:13', NULL),
(1306, 'GABRIELA TAINA DE MORAES DELAI', 31010002296, '10.200.33.224', '', 1, 3, 1, '2016-10-24 16:43:13', '2016-10-24 16:43:13', NULL),
(1307, 'ALINE CRISTINA SARTORI', 31010004053, '172.16.112.49', '', 2, 3, 1, '2016-10-24 16:43:13', '2016-10-24 16:43:13', NULL),
(1308, 'MAURICIO PEDROSO RODRIGUES', 31010004137, '172.16.109.105', '', 1, 3, 1, '2016-10-24 16:43:13', '2016-10-24 16:43:13', NULL),
(1309, 'JHANAYNA MARIA GOIS', 31010004129, '172.16.109.106', '', 1, 3, 1, '2016-10-24 16:43:13', '2016-10-24 16:43:13', NULL),
(1310, 'KAROLINE OLIVEIRA', 31010003024, '172.16.109.107', '', 1, 3, 1, '2016-10-24 16:43:13', '2016-10-24 16:43:13', NULL),
(1311, 'JOSé JAMERSON DO NASCIMENTO ALMEIDA', 31010003901, '172.16.112.50', '', 2, 3, 1, '2016-10-24 16:43:13', '2016-10-24 16:43:13', NULL),
(1312, 'ESTELA ADRIANA DE ANDRADE ', 31010004099, '172.16.112.51', '', 2, 3, 1, '2016-10-24 16:43:13', '2016-10-24 16:43:13', NULL),
(1313, 'CLAUDIA FELIPE PALANDI', 31010002347, '172.16.109.102', '', 1, 3, 1, '2016-10-24 16:43:13', '2016-10-24 16:43:13', NULL),
(1314, 'GUILHERME FERREIRA DA SILVA', 31010004080, '172.16.109.101', '', 1, 3, 1, '2016-10-24 16:43:13', '2016-10-24 16:43:13', NULL),
(1315, 'VANESSA APARECIDA ', 31010002616, '10.200.33.221', '', 1, 3, 1, '2016-10-24 16:43:13', '2016-10-24 16:43:13', NULL),
(1318, 'ANA CAROLINA SOARES PIZZI', 31010004155, '172.16.112.60', '', 2, 3, 1, '2016-10-24 16:43:13', '2016-10-24 16:43:13', NULL),
(1319, 'ISABELA CRISTINA MARTINS DE OLIVEIRA  LUPINACCI ', 31010004125, '172.16.112.52', '', 2, 3, 1, '2016-10-24 16:43:13', '2016-10-24 16:43:13', NULL),
(1320, 'ALINE MAIARA CÂNDIDO ', 31010003118, '172.16.121.242', '', 4, 3, 1, '2016-10-24 16:43:13', '2016-10-24 16:43:13', NULL),
(1321, 'GISELE FERREIRA', 31010003937, '172.16.109.109', '', 1, 3, 1, '2016-10-24 16:43:13', '2016-10-24 16:43:13', NULL),
(1322, 'TAIS EDUARDA DELGADO', 31010003191, '10.200.33.225', '', 1, 3, 1, '2016-10-24 16:43:13', '2016-10-24 16:43:13', NULL),
(1323, 'WAGNER CORRêA FILHO (WAGAO)', 31010003413, '172.16.121.243', '', 4, 3, 1, '2016-10-24 16:43:13', '2016-10-24 16:43:13', NULL),
(1324, 'FRANCIENE APARECIDA EUGENIO', 31010003929, '172.16.112.53', '', 2, 3, 1, '2016-10-24 16:43:13', '2016-10-24 16:43:13', NULL),
(1325, 'LETICIA GABRIELA PARREIRAS ', 31010004166, '172.16.109.110', '', 1, 3, 1, '2016-10-24 16:43:13', '2016-10-24 16:43:13', NULL),
(1326, 'MARIA CRISTINA VIEIRA DA SILVA', 31010004078, '172.16.112.54', '', 2, 3, 1, '2016-10-24 16:43:13', '2016-10-24 16:43:13', NULL),
(1327, 'NATALIA BRANDAO RAMOS', 31010003554, '172.16.121.244', '', 4, 3, 1, '2016-10-24 16:43:13', '2016-10-24 16:43:13', NULL),
(1328, 'SAMARINA FERREIRA DE SOUZA ', 31010004170, '172.16.119.143', '', 3, 3, 1, '2016-10-24 16:43:13', '2016-10-24 16:43:13', NULL),
(1329, 'GUILHERME FERREIRA DA SILVA', 31010004080, '172.16.112.55', '', 2, 3, 1, '2016-10-24 16:43:13', '2016-10-24 16:43:13', NULL),
(1331, 'CAREN MALVAO DOS SANTOS FORD ', 31010003926, '10.200.33.226', '', 1, 3, 1, '2016-10-24 16:43:13', '2016-10-24 16:43:13', NULL),
(1332, 'GEFERSON MOREIRA', 31010003530, '172.16.109.111', '', 1, 3, 1, '2016-10-24 16:43:13', '2016-10-24 16:43:13', NULL),
(1333, 'ALESSANDRO ALVES DA SILVA ', 31010002396, '10.200.33.227', '', 1, 3, 1, '2016-10-24 16:43:13', '2016-10-24 16:43:13', NULL),
(1334, 'JHENNIFER STEFANY DA SILVA', 31010003408, '172.16.121.245', '', 4, 3, 1, '2016-10-24 16:43:13', '2016-10-24 16:43:13', NULL),
(1335, 'THAIS ELISANGELA ROSA CAMPESTRINI', 31010003376, '172.16.112.56', '', 2, 3, 1, '2016-10-24 16:43:13', '2016-10-24 16:43:13', NULL),
(1338, 'CID SERGIO TELHADO JUNIOR', 31010003582, '172.16.109.114', '', 1, 3, 1, '2016-10-24 16:43:13', '2016-10-24 16:43:13', NULL),
(1340, 'ROSA MARIA OLIVEIRA ', 31010003553, '172.16.119.144', '', 3, 3, 1, '2016-10-24 16:43:13', '2016-10-24 16:43:13', NULL),
(1343, 'ADRIELE APARECIDA FRANHA', 31010004084, '172.16.109.115', '', 1, 3, 1, '2016-10-24 16:43:13', '2016-10-24 16:43:13', NULL),
(1344, 'ALEX GNANI ', 31010003943, '172.16.109.112', '', 1, 3, 1, '2016-10-24 16:43:13', '2016-10-24 16:43:13', NULL),
(1345, 'VINíCIUS MENEGHINI', 31010003104, '172.16.112.58', '', 2, 3, 1, '2016-10-24 16:43:13', '2016-10-24 16:43:13', NULL),
(1346, 'VICTOR PEREIRA FELIX', 31010002915, '172.16.112.59', '', 2, 3, 1, '2016-10-24 16:43:13', '2016-10-24 16:43:13', NULL),
(1347, 'IDEMARCOS NERES ALVES', 31010002651, '172.16.112.59', '', 2, 3, 1, '2016-10-24 16:43:13', '2016-10-24 16:43:13', NULL),
(1348, 'HUGO HENRIQUE DA DILVA', 31010003036, '172.16.112.57', '', 2, 3, 1, '2016-10-24 16:43:13', '2016-10-24 16:43:13', NULL),
(1349, 'BIBIANO FRANCISCO ELOI JUNIOR', 985490, '10.200.33.229', '', 1, 3, 3, '2016-10-24 16:43:13', '2016-10-24 16:43:13', NULL),
(1350, 'SUZI CRISTINAALVESMACHADO', 31010003090, '10.200.33.228', '', 1, 3, 1, '2016-10-24 16:43:13', '2016-10-24 16:43:13', NULL),
(1351, 'RAFAELA LUISA POHL', 31010003835, '172.16.109.113', '', 1, 3, 1, '2016-10-24 16:43:13', '2016-10-24 16:43:13', NULL),
(1352, 'ARIADINE CORREA TINTO', 31010004181, '172.16.109.116', '', 1, 3, 1, '2016-10-24 16:43:13', '2016-10-24 16:43:13', NULL),
(1353, 'JULIANNA ANDRADE SILVA AGUIAR', 31010003840, '172.16.109.117', '', 1, 3, 1, '2016-10-24 16:43:13', '2016-10-24 16:43:13', NULL),
(1355, 'VINíCIUS MENEGHINI', 31010003104, '172.16.121.246', '', 4, 3, 1, '2016-10-24 16:43:13', '2016-10-24 16:43:13', NULL),
(1356, 'JOãO PEDRO EXPEDITO DE ALMEIDA ', 31010000636, '172.16.109.118', '', 1, 3, 1, '2016-10-24 16:43:13', '2016-10-24 16:43:13', NULL),
(1357, 'ANDERSON BINO', 31010001001, '10.200.33.230', '', 1, 3, 1, '2016-10-24 16:43:13', '2016-10-24 16:43:13', NULL),
(1358, 'CAMILA CRISTINA MALVAO DOS SANTOS FORD', 31010003945, '172.16.112.61', '', 2, 3, 1, '2016-10-24 16:43:13', '2016-10-24 16:43:13', NULL),
(1359, 'AMAURI LAMARI', 31010003576, '172.16.109.119', '', 1, 3, 1, '2016-10-24 16:43:13', '2016-10-24 16:43:13', NULL),
(1361, 'VITóRIA APARECIDA DE GODOI', 31010003558, '172.16.109.120', '', 1, 2, 1, '2016-10-24 16:43:13', '2016-10-24 16:43:13', NULL),
(1362, 'WENDER JUNIOR OLIVEIRA NICOLETI', 31010003344, '172.16.112.62', '', 2, 3, 1, '2016-10-24 16:43:13', '2016-10-24 16:43:13', NULL),
(1366, 'RAPHAELA ALTAFINI PICHATELLE', 31010003491, '10.200.33.231', '', 1, 3, 1, '2016-10-24 16:43:13', '2016-10-24 16:43:13', NULL),
(1367, 'AMANDA TEODORO GóMEZ BRITO', 31010003115, '172.16.112.63', '', 2, 3, 1, '2016-10-24 16:43:13', '2016-10-24 16:43:13', NULL),
(1368, 'VICTOR PEREIRA FELIX', 31010002915, '172.16.112.64', '', 2, 3, 1, '2016-10-24 16:43:13', '2016-10-24 16:43:13', NULL),
(1370, 'MARCOS DANIEL PIVA RODRIGUES', 31015663954, '172.16.109.121', '', 1, 3, 1, '2016-10-24 16:43:13', '2016-10-24 16:43:13', NULL),
(1373, 'LAURA HELENA HARO', 31010003177, '10.200.33.232', '', 1, 3, 1, '2016-10-24 16:43:13', '2016-10-24 16:43:13', NULL),
(1374, 'MONISE PRISCILA DOMICIANO', 31010003106, '172.16.119.145', '', 3, 3, 1, '2016-10-24 16:43:13', '2016-10-24 16:43:13', NULL),
(1376, 'JULIA ISTELLA', 31010003862, '172.16.112.65', '', 2, 3, 1, '2016-10-24 16:43:13', '2016-10-24 16:43:13', NULL),
(1377, 'JULIA BANDIERI GARCIA ', 31010003532, '172.16.109.122', '', 1, 3, 1, '2016-10-24 16:43:13', '2016-10-24 16:43:13', NULL),
(1378, 'VALéRIA PEREIRA VELLOZO', 31010004154, '172.16.112.66', '', 2, 3, 1, '2016-10-24 16:43:13', '2016-10-24 16:43:13', NULL),
(1379, 'CINTIA DANIELA DA SILVA', 31010003964, '172.16.119.146', '', 3, 3, 1, '2016-10-24 16:43:13', '2016-10-24 16:43:13', NULL),
(1380, 'MARILENE PEREIRA DOS REIS RODRIGUES', 31010004050, '172.16.119.147', '', 3, 3, 1, '2016-10-24 16:43:13', '2016-10-24 16:43:13', NULL),
(1381, 'GABRIEL GONZAGA CONSENTINI', 31010003592, '172.16.112.67', '', 2, 3, 1, '2016-10-24 16:43:13', '2016-10-24 16:43:13', NULL),
(1382, 'BRENA GIOVANSKA MOSNA DA SILVA', 31010004071, '172.16.121.248', '', 4, 3, 1, '2016-10-24 16:43:13', '2016-10-24 16:43:13', NULL),
(1383, 'RODRIGO BARBOSA ', 31010003580, '172.16.109.123', '', 1, 3, 1, '2016-10-24 16:43:13', '2016-10-24 16:43:13', NULL),
(1384, 'KESIA CRISTINA DA SILVA GUIZI', 31010002644, '172.16.112.68', '', 2, 3, 1, '2016-10-24 16:43:13', '2016-10-24 16:43:13', NULL),
(1385, 'JEFFERSON FRANCO DA ROCHA', 31010004003, '172.16.109.124', '', 1, 3, 1, '2016-10-24 16:43:13', '2016-10-24 16:43:13', NULL),
(1386, 'TIMóTEO FRANCO CARVALHO', 31010003991, '172.16.112.69', '', 2, 3, 1, '2016-10-24 16:43:13', '2016-10-24 16:43:13', NULL),
(1387, 'KATIA ADRIANE DEMICIANO', 31010004046, '172.16.109.125', '', 1, 3, 1, '2016-10-24 16:43:13', '2016-10-24 16:43:13', NULL),
(1388, 'LUIS FERNANDO FERNANDES', 31010002200, '172.16.112.70', '', 2, 3, 1, '2016-10-24 16:43:13', '2016-10-24 16:43:13', NULL),
(1389, 'JHANAYNA MARIA GOIS DE SOUZA', 31010004129, '10.200.33.233', '', 1, 3, 1, '2016-10-24 16:43:13', '2016-10-24 16:43:13', NULL),
(1390, 'LAíS TAMARA RENZO', 31010003861, '172.16.121.247', '', 4, 3, 1, '2016-10-24 16:43:13', '2016-10-24 16:43:13', NULL),
(1392, 'ALEXANDRA PAULA DA SILVA', 31010001637, '172.16.109.133', '', 1, 3, 1, '2016-10-24 16:43:13', '2016-10-24 16:43:13', NULL),
(1393, 'ISABELLE RENATA MOMESSO DE LIMA ', 31010004086, '172.16.109.134', '', 1, 3, 1, '2016-10-24 16:43:13', '2016-10-24 16:43:13', NULL),
(1394, 'JOSE TIAGO CANDIDO', 31010003869, '172.16.109.135', '', 1, 3, 1, '2016-10-24 16:43:13', '2016-10-24 16:43:13', NULL),
(1395, 'CLEVELANDIA MARQUES FERREIRA', 31010004145, '172.16.109.136', '', 1, 3, 1, '2016-10-24 16:43:13', '2016-10-24 16:43:13', NULL),
(1396, 'SIEIS DIAS', 31010002560, '10.200.33.234', '', 1, 3, 1, '2016-10-24 16:43:13', '2016-10-24 16:43:13', NULL),
(1397, 'JAQUELINE JUSTINO LOYOLA', 31010002949, '172.16.112.71', '', 2, 3, 1, '2016-10-24 16:43:13', '2016-10-24 16:43:13', NULL),
(1398, 'JESSICA NEVES CARVALHO', 31010003095, '10.200.33.235', '', 1, 3, 1, '2016-10-24 16:43:13', '2016-10-24 16:43:13', NULL),
(1399, 'FERNANDO MONTEIRO AMORIM', 31010002983, '10.200.33.236', '', 1, 3, 1, '2016-10-24 16:43:13', '2016-10-24 16:43:13', NULL),
(1400, 'RODRIGO BARBOSA ', 31010003580, '172.16.112.72', '', 2, 3, 1, '2016-10-24 16:43:13', '2016-10-24 16:43:13', NULL),
(1401, 'VANESSA BENEDITA VALERIO', 31010003237, '172.16.109.140', '', 1, 3, 1, '2016-10-24 16:43:13', '2016-10-24 16:43:13', NULL),
(1403, 'JOSEANE RIBEIRO SILVéRIO DO NASCIMENTO', 31010003888, '172.16.109.141', '', 1, 3, 1, '2016-10-24 16:43:13', '2016-10-24 16:43:13', NULL),
(1405, 'WELINGTON JOSé BENTO FRANCO', 31010003481, '172.16.112.76', '', 2, 3, 1, '2016-10-24 16:43:13', '2016-10-24 16:43:13', NULL),
(1406, 'JONATHAS RODRIGUES DE LIMA ', 31010003977, '172.16.112.77', '', 2, 3, 1, '2016-10-24 16:43:13', '2016-10-24 16:43:13', NULL),
(1407, 'THIAGO CASA', 31010002412, '172.16.112.78', '', 2, 3, 1, '2016-10-24 16:43:13', '2016-10-24 16:43:13', NULL),
(1409, 'KAIQUI DA SILVA TAVEIRA ', 31010004076, '172.16.112.79', '', 2, 3, 1, '2016-10-24 16:43:13', '2016-10-24 16:43:13', NULL),
(1410, 'ELAINE ROSEMAR GUIDI', 31010003131, '10.200.33.241', '', 1, 3, 1, '2016-10-24 16:43:13', '2016-10-24 16:43:13', NULL),
(1411, 'ARIANE CAMILA MORATO', 31010004021, '172.16.109.142', '', 1, 3, 1, '2016-10-24 16:43:13', '2016-10-24 16:43:13', NULL),
(1412, 'LUIS FELIPE TORRETI DE OLIVEIRA', 31010003952, '172.16.112.80', '', 2, 3, 1, '2016-10-24 16:43:13', '2016-10-24 16:43:13', NULL),
(1413, 'PATRíCIA AP B DOS SANTOS ', 31010003010, '172.16.119.148', '', 3, 3, 1, '2016-10-24 16:43:13', '2016-10-24 16:43:13', NULL),
(1414, 'JHONY KLEBER CUSTóDIO ', 31010002468, '172.16.112.81', '', 2, 3, 1, '2016-10-24 16:43:13', '2016-10-24 16:43:13', NULL),
(1415, 'INGRID BOSSO', 31010002746, '172.16.119.149', '', 3, 3, 1, '2016-10-24 16:43:13', '2016-10-24 16:43:13', NULL),
(1416, 'MAIARA TOLEDO', 31010001590, '172.16.109.143', '', 1, 3, 1, '2016-10-24 16:43:13', '2016-10-24 16:43:13', NULL),
(1417, 'FERNANDO HENRIQUE ZAGO', 31010002125, '172.16.112.82', '', 2, 3, 1, '2016-10-24 16:43:13', '2016-10-24 16:43:13', NULL),
(1418, 'JULIO CESAR COMPARINI BOTARELLI', 31010001110, '172.16.109.144', '', 1, 3, 1, '2016-10-24 16:43:13', '2016-10-24 16:43:13', NULL),
(1419, 'LIDIANE APARECIDA BOSSO', 31010003421, '172.16.109.145', '', 1, 3, 1, '2016-10-24 16:43:13', '2016-10-24 16:43:13', NULL),
(1421, 'ANA LAURA PEREIRA', 31010002368, '172.16.112.83', '', 2, 3, 1, '2016-10-24 16:43:13', '2016-10-24 16:43:13', NULL),
(1424, 'KAROLINA CELEGHIN DE ARRUDA FRANCO', 31010002017, '172.16.109.146', '', 1, 3, 1, '2016-10-24 16:43:13', '2016-10-24 16:43:13', NULL),
(1425, 'GETúLIO KENJI YOSHIDA JUNIOR', 31010000550, '172.16.109.147', '', 1, 3, 1, '2016-10-24 16:43:13', '2016-10-24 16:43:13', NULL),
(1426, 'KESIA CRISTINA DA SILVA GUIZI', 31010002644, '10.200.33.242', '', 1, 3, 1, '2016-10-24 16:43:13', '2016-10-24 16:43:13', NULL),
(1428, 'PRISCILA GONçALVES DE SOUZA PANINI', 31010003444, '172.16.112.84', '', 2, 3, 1, '2016-10-24 16:43:13', '2016-10-24 16:43:13', NULL),
(1429, 'EVERSON SILVA DE MORAES', 31010004000, '172.16.112.85', '', 2, 3, 1, '2016-10-24 16:43:13', '2016-10-24 16:43:13', NULL),
(1430, 'FáTIMA ALINE DOS SANTOS', 31010003921, '172.16.109.148', '', 1, 3, 1, '2016-10-24 16:43:13', '2016-10-24 16:43:13', NULL),
(1431, 'LARISSA VENTINO ALVES', 31010002932, '10.200.33.243', '', 1, 3, 1, '2016-10-24 16:43:13', '2016-10-24 16:43:13', NULL),
(1432, 'BIANCA DE OLIVEIRA PRETO', 31010003209, '10.200.33.244', '', 1, 3, 1, '2016-10-24 16:43:13', '2016-10-24 16:43:13', NULL),
(1433, 'ARIELI APARECIDA CARDOSO DE LOURA ', 31010003262, '10.200.33.245', '', 1, 3, 1, '2016-10-24 16:43:13', '2016-10-24 16:43:13', NULL),
(1434, 'ANTONIO OSVALDO INACIO JUNIOR', 31010002821, '10.200.33.246', '', 1, 3, 1, '2016-10-24 16:43:13', '2016-10-24 16:43:13', NULL),
(1435, 'SARA CRISTINA MACHADO', 31010003541, '172.16.119.150', '', 3, 3, 1, '2016-10-24 16:43:13', '2016-10-24 16:43:13', NULL),
(1436, 'LARISSA DAIANE POLETINI', 31010001463, '172.16.112.86', '', 2, 3, 1, '2016-10-24 16:43:13', '2016-10-24 16:43:13', NULL),
(1437, 'MILENA APARECIDA MENDES ', 31010003609, '172.16.112.87', '', 2, 3, 1, '2016-10-24 16:43:13', '2016-10-24 16:43:13', NULL),
(1438, 'JUAN PABLO RODRIGUES', 31010002501, '172.16.112.88', '', 2, 3, 1, '2016-10-24 16:43:13', '2016-10-24 16:43:13', NULL),
(1439, 'PETRA GABRIELA GIRALDI', 31010003935, '172.16.112.91', '', 2, 3, 1, '2016-10-24 16:43:13', '2016-10-24 16:43:13', NULL),
(1440, 'MARIA JULIA SOUZA AVANCINI', 31010004177, '172.16.109.149', '', 1, 3, 1, '2016-10-24 16:43:13', '2016-10-24 16:43:13', NULL),
(1442, 'JOãO SARTORATO NETO', 31010004045, '172.16.112.92', '', 2, 3, 1, '2016-10-24 16:43:13', '2016-10-24 16:43:13', NULL),
(1443, 'BRUNA FERNANDES', 31010003951, '172.16.119.151', '', 3, 3, 1, '2016-10-24 16:43:13', '2016-10-24 16:43:13', NULL),
(1444, 'LAíS TAMARA RENZO', 31010003861, '10.200.33.248', '', 1, 3, 1, '2016-10-24 16:43:13', '2016-10-24 16:43:13', NULL),
(1445, 'FELIPE AUGUSTO CANANEIA FERREIRA ', 31010003881, '172.16.109.150', '', 1, 3, 1, '2016-10-24 16:43:13', '2016-10-24 16:43:13', NULL),
(1446, 'ANA PAULA FARIA CASTRO', 31010002376, '172.16.112.93', '', 2, 3, 1, '2016-10-24 16:43:13', '2016-10-24 16:43:13', NULL),
(1447, 'BRENA GIOVANSKA MOSNA DA SILVA', 31010004071, '10.200.33.247', '', 1, 3, 1, '2016-10-24 16:43:13', '2016-10-24 16:43:13', NULL),
(1448, 'BIANCA XAVIER NOGUEIRA', 31010002583, '172.16.112.94', '', 2, 3, 1, '2016-10-24 16:43:13', '2016-10-24 16:43:13', NULL),
(1449, 'ANDREIA DE BARROS RIBEIRO OLIVEIRA', 31010003854, '172.16.109.151', '', 1, 3, 1, '2016-10-24 16:43:13', '2016-10-24 16:43:13', NULL),
(1450, 'ERCI ALVES DA SILVA JUNIOR', 31010003092, '172.16.112.95', '', 2, 3, 1, '2016-10-24 16:43:13', '2016-10-24 16:43:13', NULL),
(1451, 'VICTORIA  ISIDRO LACERDA ', 31010003557, '172.16.112.96', '', 2, 3, 1, '2016-10-24 16:43:13', '2016-10-24 16:43:13', NULL),
(1452, 'GILCIMAR FRANCISCO DE TOLEDO', 31010001153, '172.16.109.152', '', 1, 3, 1, '2016-10-24 16:43:13', '2016-10-24 16:43:13', NULL),
(1453, 'CESAR VINICIUS VIDAL DA SILVA FRAGNA', 31010002197, '172.16.112.98', '', 2, 3, 1, '2016-10-24 16:43:13', '2016-10-24 16:43:13', NULL),
(1454, 'RODRIGO DE BRITO MARTINS', 31010001309, '172.16.109.153', '', 1, 2, 1, '2016-10-24 16:43:13', '2016-10-24 16:43:13', NULL),
(1457, 'DIEGO PEREIRA XAVIER SANTANA', 31010003368, '172.16.112.99', '', 2, 3, 1, '2016-10-24 16:43:13', '2016-10-24 16:43:13', NULL),
(1458, 'ANA FLáVIA BOSSO COSTA', 31010003563, '172.16.119.152', '', 3, 3, 1, '2016-10-24 16:43:13', '2016-10-24 16:43:13', NULL),
(1459, 'LUANA LARISSA VICENTE', 31010003548, '10.200.33.249', '', 1, 3, 1, '2016-10-24 16:43:13', '2016-10-24 16:43:13', NULL),
(1460, 'ALESSANDRO ROBERTO MENDES', 31010002539, '172.16.112.100', '', 2, 3, 1, '2016-10-24 16:43:13', '2016-10-24 16:43:13', NULL),
(1461, 'JOAO MARCOS FERNANDES SANTOS ', 31010003172, '172.16.112.101', '', 2, 3, 1, '2016-10-24 16:43:13', '2016-10-24 16:43:13', NULL),
(1462, 'WELLINGTON LOPES DA SILVA', 31010003476, '172.16.112.102', '', 2, 3, 1, '2016-10-24 16:43:13', '2016-10-24 16:43:13', NULL),
(1463, 'ASSIS MIGUEL PALANDI', 31010002152, '172.16.109.154', '', 1, 3, 1, '2016-10-24 16:43:13', '2016-10-24 16:43:13', NULL),
(1464, 'ALEX GNANI ', 31010003943, '172.16.121.250', '', 4, 3, 1, '2016-10-24 16:43:13', '2016-10-24 16:43:13', NULL),
(1465, 'MARIA CRISTINA VIEIRA DA SILVA', 31010004078, '10.200.33.250', '', 1, 3, 1, '2016-10-24 16:43:13', '2016-10-24 16:43:13', NULL),
(1466, 'FLAVIANA MOMESSO', 548367, '172.16.112.104', '', 2, 3, 3, '2016-10-24 16:43:13', '2016-10-24 16:43:13', NULL),
(1468, 'LUIS ANTONIO DA SILVA CARVALHO', 31010003390, '172.16.112.103', '', 2, 3, 1, '2016-10-24 16:43:13', '2016-10-24 16:43:13', NULL),
(1470, 'BIANCA MASSARI', 31010004095, '172.16.119.153', '', 3, 3, 1, '2016-10-24 16:43:13', '2016-10-24 16:43:13', NULL),
(1471, 'SAMUEL APARECIDO DELGADO', 31010004089, '172.16.112.97', '', 2, 3, 1, '2016-10-24 16:43:13', '2016-10-24 16:43:13', NULL),
(1472, 'CARINA LOPES DA SILVA', 31010003904, '172.16.112.90', '', 2, 3, 1, '2016-10-24 16:43:13', '2016-10-24 16:43:13', NULL),
(1473, 'KAYLAYNE FREITAS', 31010002366, '172.16.109.155', '', 1, 3, 1, '2016-10-24 16:43:13', '2016-10-24 16:43:13', NULL),
(1475, 'AMAURI LAMARI', 31010003576, '10.200.33.251', '', 1, 3, 1, '2016-10-24 16:43:13', '2016-10-24 16:43:13', NULL),
(1476, 'MAISA FERREIRA DA SILVA', 31010003648, '172.16.119.154', '', 3, 3, 1, '2016-10-24 16:43:13', '2016-10-24 16:43:13', NULL),
(1477, 'LUCAS EDUARDO XAVIER DA SILVA', 31010002587, '172.16.112.89', '', 2, 3, 1, '2016-10-24 16:43:13', '2016-10-24 16:43:13', NULL),
(1478, 'ANDREA CARRIçO DA SILVA', 31010002647, '172.16.112.75', '', 2, 3, 1, '2016-10-24 16:43:13', '2016-10-24 16:43:13', NULL),
(1479, 'LUCAS ELIAS DE ANDRADE', 31010001589, '172.16.109.157', '', 1, 3, 1, '2016-10-24 16:43:13', '2016-10-24 16:43:13', NULL),
(1480, 'CAIO RAFAEL BALBINO', 3101002750, '172.16.121.251', '', 4, 3, 1, '2016-10-24 16:43:13', '2016-10-24 16:43:13', NULL),
(1481, 'BRENDA ALINE LAZARI', 31010003057, '172.16.121.252', '', 4, 3, 1, '2016-10-24 16:43:13', '2016-10-24 16:43:13', NULL),
(1483, 'FRANCIELLE ', 31010003358, '172.16.112.105', '', 2, 3, 1, '2016-10-24 16:43:13', '2016-10-24 16:43:13', NULL),
(1484, 'FLAVIA GABRIELA DE LIMA', 31010004195, '10.200.33.252', '', 1, 3, 1, '2016-10-24 16:43:13', '2016-10-24 16:43:13', NULL),
(1485, 'RAPHAELA ALTAFINI PICHATELLE', 31010003491, '172.16.112.106', '', 2, 3, 1, '2016-10-24 16:43:13', '2016-10-24 16:43:13', NULL),
(1486, 'ELIANE AVELINO', 31010001582, '172.16.109.158', '', 1, 3, 1, '2016-10-24 16:43:13', '2016-10-24 16:43:13', NULL),
(1487, 'HALLAM KARDEC NETO ', 31010001147, '172.16.112.107', '', 2, 3, 1, '2016-10-24 16:43:13', '2016-10-24 16:43:13', NULL),
(1489, 'VICTORIA  ISIDRO LACERDA ', 31010003557, '172.16.109.160', '', 1, 3, 1, '2016-10-24 16:43:13', '2016-10-24 16:43:13', NULL),
(1490, 'ÉDINA APARECIDA FERREIRA DE OLIVEIRA', 31010003949, '172.16.109.161', '', 1, 3, 1, '2016-10-24 16:43:13', '2016-10-24 16:43:13', NULL),
(1491, 'JOYCE RODRIGUES DE LIMA', 31010003986, '10.200.33.181', '', 1, 3, 1, '2016-10-24 16:43:13', '2016-10-24 16:43:13', NULL),
(1492, 'CINTIA DANIELA DA SILVA', 31010003964, '172.16.112.112', '', 1, 3, 1, '2016-10-24 16:43:13', '2016-10-24 16:43:13', NULL),
(1493, 'CINTIA DANIELA DA SILVA', 31010003964, '172.16.109.162', '', 1, 3, 1, '2016-10-24 16:43:13', '2016-10-24 16:43:13', NULL),
(1494, 'FABIO JUNIOR', 31010003947, '172.16.109.163', '', 1, 3, 1, '2016-10-24 16:43:13', '2016-10-24 16:43:13', NULL),
(1495, 'ESTELA ADRIANA DE ANDRADE ', 31010004099, '172.16.109.164', '', 1, 3, 1, '2016-10-24 16:43:13', '2016-10-24 16:43:13', NULL),
(1496, 'LUIS FELIPE TORRETI DE OLIVEIRA', 31010003952, '172.16.109.165', '', 1, 3, 1, '2016-10-24 16:43:13', '2016-10-24 16:43:13', NULL),
(1497, 'MARIA CRISTINA VIEIRA DA SILVA', 31010004078, '172.16.109.166', '', 1, 3, 1, '2016-10-24 16:43:13', '2016-10-24 16:43:13', NULL),
(1498, 'ISABELA APARECIDA COELHO', 31010003940, '172.16.109.167', '', 1, 3, 1, '2016-10-24 16:43:13', '2016-10-24 16:43:13', NULL),
(1499, 'TAMIRIS SOUZA', 31010002753, '172.16.112.113', '', 1, 3, 1, '2016-10-24 16:43:13', '2016-10-24 16:43:13', NULL),
(1500, 'GABRIEL ARMANI FIORAVANTE ', 31010003534, '172.16.109.168', '', 1, 3, 1, '2016-10-24 16:43:13', '2016-10-24 16:43:13', NULL),
(1501, 'ARIEL KAROLINE MACHADO ', 31010004130, '172.16.109.41', '', 1, 3, 1, '2016-10-24 16:43:13', '2016-10-24 16:43:13', NULL),
(1502, 'GLAUCO VAZ DE TOLEDO', 31010002577, '172.16.109.174', '', 1, 3, 1, '2016-10-24 16:43:13', '2016-10-24 16:43:13', NULL),
(1503, 'CAMILA CRISTINA MALVAO DOS SANTOS FORD ', 31010003945, '172.16.109.175', '', 1, 3, 1, '2016-10-24 16:43:13', '2016-10-24 16:43:13', NULL),
(1504, 'SALATHIANA LARA ROSA SILVA', 31010004093, '172.16.109.176', '', 1, 3, 1, '2016-10-24 16:43:13', '2016-10-24 16:43:13', NULL),
(1505, 'MARIA RITA CEO', 31010004100, '172.16.109.177', '', 1, 3, 1, '2016-10-24 16:43:13', '2016-10-24 16:43:13', NULL),
(1506, 'ROSEMARY APARECIDA NEGRI', 31010003510, '172.16.109.178', '', 1, 3, 1, '2016-10-24 16:43:13', '2016-10-24 16:43:13', NULL),
(1507, 'RAFAEL BERNARDO DOS SANTOS', 31010003971, '172.16.109.179', '', 1, 3, 1, '2016-10-24 16:43:13', '2016-10-24 16:43:13', NULL),
(1508, 'ANDERSON DE SOUZA', 31010004083, '172.16.109.180', '', 1, 3, 1, '2016-10-24 16:43:13', '2016-10-24 16:43:13', NULL),
(1509, 'NATASHA JACHETA KASHIBA CESCON ', 31010003463, '172.16.109.181', '', 1, 3, 1, '2016-10-24 16:43:13', '2016-10-24 16:43:13', NULL),
(1510, 'RúBIA SECCATO LABEGALINI', 31010004082, '172.16.109.182', '', 1, 3, 1, '2016-10-24 16:43:13', '2016-10-24 16:43:13', NULL),
(1511, 'CAIO GUSTAVO DE OLIVEIRA', 31010003875, '172.16.109.183', '', 1, 3, 1, '2016-10-24 16:43:13', '2016-10-24 16:43:13', NULL),
(1512, 'GISLEINE DA SILVA SAMPAIO MONTALVãO', 31010003877, '172.16.109.184', '', 1, 3, 1, '2016-10-24 16:43:13', '2016-10-24 16:43:13', NULL),
(1513, 'ARIEL KAROLINE MACHADO ', 31010004130, '172.16.112.108', '', 2, 3, 1, '2016-10-24 16:43:13', '2016-10-24 16:43:13', NULL),
(1514, 'CAMILA HELENA PARIZI DE CARVALHO', 31010004185, '172.16.119.155', '', 3, 3, 1, '2016-10-24 16:43:13', '2016-10-24 16:43:13', NULL),
(1515, 'LEANDRO MOREIRA DA SILVA', 31010003204, '172.16.119.156', '', 3, 3, 1, '2016-10-24 16:43:13', '2016-10-24 16:43:13', NULL),
(1517, 'MARINA CONCEIçãO CAMPOS', 31010002522, '172.16.109.171', '', 1, 3, 1, '2016-10-24 16:43:13', '2016-10-24 16:43:13', NULL),
(1518, 'MARCELO LABEGALINI', 31010003583, '172.16.109.173', '', 1, 3, 1, '2016-10-24 16:43:13', '2016-10-24 16:43:13', NULL),
(1519, 'KáTIA DE PAULO', 31010003369, '172.16.121.254', '', 4, 3, 1, '2016-10-24 16:43:13', '2016-10-24 16:43:13', NULL),
(1520, 'GABRIEL ARMANI FIORAVANTE ', 31010003534, '172.16.121.255', '', 4, 3, 1, '2016-10-24 16:43:13', '2016-10-24 16:43:13', NULL),
(1521, 'JAQUELINE DE LOURDES ALDIGHERI ', 31010003841, '172.16.119.157', '', 3, 3, 1, '2016-10-24 16:43:13', '2016-10-24 16:43:13', NULL),
(1522, 'LUIS HENRIQUE LOPES DOS SANTOS', 31010003020, '172.16.112.114', '', 1, 3, 1, '2016-10-24 16:43:13', '2016-10-24 16:43:13', NULL),
(1523, 'RIVAEL DOMINGOS DA SILVA', 31010003894, '172.16.109.172', '', 1, 3, 1, '2016-10-24 16:43:13', '2016-10-24 16:43:13', NULL),
(1524, 'VINICIUS RODRIGUES', 31010003539, '172.16.109.170', '', 1, 3, 1, '2016-10-24 16:43:13', '2016-10-24 16:43:13', NULL),
(1525, 'MAISA FERREIRA DA SILVA', 31010003846, '172.16.119.158', '', 3, 3, 1, '2016-10-24 16:43:13', '2016-10-24 16:43:13', NULL),
(1526, 'ELISABETE DE SOUZA', 31010003845, '172.16.109.169', '', 1, 3, 1, '2016-10-24 16:43:13', '2016-10-24 16:43:13', NULL),
(1527, 'MARIANNE NEGRI CORRêA ', 31010004171, '172.16.122.1', '', 4, 3, 1, '2016-10-24 16:43:13', '2016-10-24 16:43:13', NULL),
(1528, 'GEISIANE FERNANDA DE CARVALHO', 31010003573, '172.16.119.159', '', 3, 3, 1, '2016-10-24 16:43:13', '2016-10-24 16:43:13', NULL),
(1530, 'JULIANA DE SOUZA SILVINO', 31010003494, '172.16.122.2', '', 4, 3, 1, '2016-10-24 16:43:13', '2016-10-24 16:43:13', NULL),
(1531, 'IZABELLE CARRION DE CARVALHO', 31010003280, '172.16.112.109', '', 2, 3, 1, '2016-10-24 16:43:13', '2016-10-24 16:43:13', NULL),
(1532, 'RAFAEL BERNARDO DOS SANTOS ', 31010003971, '172.16.122.3', '', 4, 3, 1, '2016-10-24 16:43:13', '2016-10-24 16:43:13', NULL),
(1533, 'JULIANA NATALI OLBI', 31010002230, '172.16.122.4', '', 4, 3, 1, '2016-10-24 16:43:13', '2016-10-24 16:43:13', NULL),
(1534, ' FELIPE CRIVELARO FRóES', 31010003946, '172.16.119.160', '', 3, 3, 1, '2016-10-24 16:43:13', '2016-10-24 16:43:13', NULL),
(1536, 'ANA PAULA BERNARDES DE LIMA', 31010001381, '172.16.109.185', '', 1, 3, 1, '2016-10-24 16:43:13', '2016-10-24 16:43:13', NULL),
(1537, 'FRANCISCO MARTINS', 31010002880, '172.16.109.186', '', 1, 3, 1, '2016-10-24 16:43:13', '2016-10-24 16:43:13', NULL),
(1538, 'PATRíCIA APARECIDA DE MORAIS', 31010004196, '172.16.122.5', '', 4, 3, 1, '2016-10-24 16:43:13', '2016-10-24 16:43:13', NULL),
(1539, 'JOICE SANTIS DE FREITAS', 31010004197, '172.16.109.187', '', 1, 3, 1, '2016-10-24 16:43:13', '2016-10-24 16:43:13', NULL),
(1541, 'CARLOS ALBERTO MARCHIZELLI PEREIRA DE LIMA', 31010004057, '172.16.112.110', '', 2, 3, 1, '2016-10-24 16:43:13', '2016-10-24 16:43:13', NULL),
(1542, 'MôNICA XAVIER DA SILVA', 31010002492, '172.16.109.188', '', 1, 3, 1, '2016-10-24 16:43:13', '2016-10-24 16:43:13', NULL),
(1543, 'FRANCISCO MARTINS ', 31010002880, '172.16.112.111', '', 2, 3, 1, '2016-10-24 16:43:13', '2016-10-24 16:43:13', NULL),
(1544, 'ANA JESSICA RAMOS DOS REIS ', 31010003595, '172.16.119.161', '', 3, 3, 1, '2016-10-24 16:43:13', '2016-10-24 16:43:13', NULL),
(1545, 'VANILDA VERA', 31010003834, '172.16.112.115', '', 1, 3, 1, '2016-10-24 16:43:13', '2016-10-24 16:43:13', NULL),
(1546, 'ANA PAULA NICCIOLI', 31010003021, '172.16.121.253', '', 4, 3, 1, '2016-10-24 16:43:13', '2016-10-24 16:43:13', NULL),
(1547, ' FELIPE CRIVELARO FRóES', 31010003946, '172.16.112.116', '', 1, 3, 1, '2016-10-24 16:43:13', '2016-10-24 16:43:13', NULL),
(1548, 'RODOLFO SANCHES ', 31010002703, '172.16.112.117', '', 1, 3, 1, '2016-10-24 16:43:13', '2016-10-24 16:43:13', NULL),
(1549, 'ANDREA CARRIçO DA SILVA', 31010002647, '10.200.33.253', '', 1, 3, 1, '2016-10-24 16:43:13', '2016-10-24 16:43:13', NULL),
(1550, 'GABRIELA DE ALMEIDA CARDOSO', 31010003910, '172.16.119.162', '', 3, 3, 1, '2016-10-24 16:43:13', '2016-10-24 16:43:13', NULL),
(1551, 'RICARDO BATISTA NEGRI', 31010002040, '10.200.33.254', '', 1, 3, 1, '2016-10-24 16:43:13', '2016-10-24 16:43:13', NULL),
(1552, 'FABIO JUNIOR', 31010003947, '172.16.112.118', '', 2, 3, 1, '2016-10-24 16:43:13', '2016-10-24 16:43:13', NULL),
(1553, 'RICARDO ESTêVãO DA SILVA', 31010002968, '10.200.33.255', '', 1, 3, 1, '2016-10-24 16:43:13', '2016-10-24 16:43:13', NULL),
(1554, 'RAISSA DE GODOY PEREIRA DA SILVA', 31010003605, '172.16.119.163', '', 3, 3, 1, '2016-10-24 16:43:13', '2016-10-24 16:43:13', NULL),
(1555, 'FABIOLA LAIS SARTORELLI DUZO', 31010004041, '172.16.119.164', '', 3, 3, 1, '2016-10-24 16:43:13', '2016-10-24 16:43:13', NULL),
(1557, 'FRANCIELI BONASSA', 31010003064, '172.16.122.6', '', 4, 3, 1, '2016-10-24 16:43:13', '2016-10-24 16:43:13', NULL),
(1558, 'MARLUCI APARECIDA DE GODOI', 31010002743, '172.16.119.165', '', 3, 3, 1, '2016-10-24 16:43:13', '2016-10-24 16:43:13', NULL),
(1559, 'ANTôNIO LUCAS RODRIGUES FRANCESCHINI', 31010004199, '172.16.109.189', '', 1, 3, 1, '2016-10-24 16:43:13', '2016-10-24 16:43:13', NULL),
(1561, 'LARA PEREIRA DA SILVA ', 31010001427, '172.16.109.190', '', 1, 3, 1, '2016-10-24 16:43:13', '2016-10-24 16:43:13', NULL),
(1562, 'GABRIEL ARMANI FIORAVANTE ', 31010003534, '10.200.34.1', '', 1, 3, 1, '2016-10-24 16:43:13', '2016-10-24 16:43:13', NULL),
(1563, 'ELISABETE DE SOUZA', 31010003845, '172.16.109.191', '', 1, 3, 1, '2016-10-24 16:43:13', '2016-10-24 16:43:13', NULL),
(1564, 'BIBIANO FRANCISCO ELOI JUNIOR', 3102985490, '172.16.119.169', '', 3, 3, 2, '2016-10-24 16:43:13', '2016-10-24 16:43:13', NULL),
(1565, 'PATRíCIA APARECIDA DE MORAIS', 31010004196, '10.200.34.4', '', 1, 3, 1, '2016-10-24 16:43:13', '2016-10-24 16:43:13', NULL),
(1567, 'ANDERSON DE SOUZA', 31010004083, '10.200.34.6', '', 1, 3, 1, '2016-10-24 16:43:13', '2016-10-24 16:43:13', NULL),
(1569, 'ROBERTO HERNANDES MARIA FILHO', 31010003963, '172.16.112.119', '', 2, 3, 1, '2016-10-24 16:43:13', '2016-10-24 16:43:13', NULL),
(1570, 'ISABELA CRISTINA NASCIMENTO', 31010003870, '172.16.109.192', '', 1, 3, 1, '2016-10-24 16:43:13', '2016-10-24 16:43:13', NULL),
(1571, 'RAFAEL BERNARDO DOS SANTOS ', 31010003971, '10.200.34.7', '', 1, 3, 1, '2016-10-24 16:43:13', '2016-10-24 16:43:13', NULL),
(1572, 'LUANA LARISSA VICENTE', 31010003548, '172.16.122.7', '', 4, 3, 1, '2016-10-24 16:43:13', '2016-10-24 16:43:13', NULL),
(1573, 'LUANA RIBEIRO MODESTO ', 31010003984, '172.16.119.166', '', 3, 3, 1, '2016-10-24 16:43:13', '2016-10-24 16:43:13', NULL),
(1574, 'THIAGO ANISIO FERNANDES DA SILVA', 31010002336, '10.200.34.8', '', 1, 3, 1, '2016-10-24 16:43:13', '2016-10-24 16:43:13', NULL),
(1575, 'VALDEMIR MOREIRA GALLI', 31010002478, '172.16.112.120', '', 2, 3, 1, '2016-10-24 16:43:13', '2016-10-24 16:43:13', NULL),
(1576, 'CAIO AMARAL MUNIZ', 31010003227, '72.16.109.193', '', 1, 3, 1, '2016-10-24 16:43:13', '2016-10-24 16:43:13', NULL),
(1577, 'LETICIA DE OLIVEIRA LABIGALINE', 31010003864, '172.16.109.194', '', 1, 3, 1, '2016-10-24 16:43:13', '2016-10-24 16:43:13', NULL),
(1579, 'LETICIA DE OLIVEIRA LABIGALINE', 31010003864, '38:D4:0B:8B:C6:', '', 1, 3, 1, '2016-10-24 16:43:13', '2016-10-24 16:43:13', NULL),
(1581, 'BRUNO APARECIDO PEREIRA ', 31010003865, '172.16.112.121', '', 2, 3, 1, '2016-10-24 16:43:13', '2016-10-24 16:43:13', NULL),
(1582, 'GRAZIELA BIZON', 31010002782, '172.16.119.167', '', 3, 3, 1, '2016-10-24 16:43:13', '2016-10-24 16:43:13', NULL),
(1583, 'MARINA CONCEIçãO CAMPOS', 31010002522, '172.16.112.122', '', 2, 3, 1, '2016-10-24 16:43:13', '2016-10-24 16:43:13', NULL),
(1585, 'ÉDINA APARECIDA FERREIRA DE OLIVEIRA', 31010003949, '172.16.109.198', '', 1, 3, 1, '2016-10-24 16:43:13', '2016-10-24 16:43:13', NULL),
(1586, 'FáBIO LUíS CASTELLANI ', 31010002074, '172.16.112.123', '', 2, 3, 1, '2016-10-24 16:43:13', '2016-10-24 16:43:13', NULL),
(1588, 'ADRIANA DA CRUZ GOMES ', 31010003543, '172.16.119.168', '', 3, 3, 1, '2016-10-24 16:43:13', '2016-10-24 16:43:13', NULL),
(1591, 'FERNANDA APARECIDA DE LIMA', 31010003033, '172.16.122.8', '', 4, 3, 1, '2016-10-24 16:43:13', '2016-10-24 16:43:13', NULL),
(1592, 'RONI ALMEIDA DOS SANTOS', 31010001951, '10.200.34.11', '', 1, 3, 1, '2016-10-24 16:43:13', '2016-10-24 16:43:13', NULL),
(1594, 'MARIANE RODRIGUES DA SILVA', 31010002460, '172.16.122.9', '', 4, 3, 1, '2016-10-24 16:43:13', '2016-10-24 16:43:13', NULL),
(1595, 'BIBIANO FRANCISCO ELOI JUNIOR', 985490, '10.200.34.12', '', 1, 3, 3, '2016-10-24 16:43:13', '2016-10-24 16:43:13', NULL),
(1596, 'WILLIAN DE OLIVEIRA HERCULANO DOS SANTOS ', 31010004175, '172.16.109.202', '', 1, 3, 1, '2016-10-24 16:43:13', '2016-10-24 16:43:13', NULL),
(1597, 'MARIA DE LOURDES A D BUENO', 31010003008, '172.16.122.10', '', 4, 3, 1, '2016-10-24 16:43:13', '2016-10-24 16:43:13', NULL),
(1598, 'JOICE GERONIMO DE ANDRADE CARVALHO', 31010003528, '172.16.109.199', '', 1, 3, 1, '2016-10-24 16:43:13', '2016-10-24 16:43:13', NULL),
(1599, 'MARCIO CRISTIANO MARTINS', 31010004094, '172.16.112.124', '', 2, 3, 1, '2016-10-24 16:43:13', '2016-10-24 16:43:13', NULL),
(1600, 'GABRIELA GUGLIELMONI', 31010004157, '172.16.109.200', '', 1, 3, 1, '2016-10-24 16:43:13', '2016-10-24 16:43:13', NULL),
(1601, 'JOYCE DORTA', 31010002908, '172.16.122.11', '', 4, 3, 1, '2016-10-24 16:43:13', '2016-10-24 16:43:13', NULL),
(1603, 'CATIA APARECIDA BATISTA', 31010002541, '172.16.109.203', '', 1, 3, 1, '2016-10-24 16:43:13', '2016-10-24 16:43:13', NULL),
(1604, 'JOãO ANTONIO DALALANA', 31010001743, '172.16.109.204', '', 1, 3, 1, '2016-10-24 16:43:13', '2016-10-24 16:43:13', NULL),
(1606, 'DANILO HENRIQUE', 31010002207, '172.16.112.125', '', 2, 3, 1, '2016-10-24 16:43:13', '2016-10-24 16:43:13', NULL),
(1607, 'CAMILA DE GODOY BUENO', 31010003512, '172.16.109.205', '', 1, 3, 1, '2016-10-24 16:43:13', '2016-10-24 16:43:13', NULL),
(1608, 'KARJAN ALVES DE OLIVEIRA', 31010003371, '10.200.34.10', '', 1, 3, 1, '2016-10-24 16:43:13', '2016-10-24 16:43:13', NULL),
(1610, 'SIEIS DIAS', 31010002560, '172.16.109.210', '', 1, 3, 1, '2016-10-24 16:43:13', '2016-10-24 16:43:13', NULL),
(1611, 'ROSEMARY APARECIDA NEGRI', 31010003510, '10.200.34.13', '', 1, 3, 1, '2016-10-24 16:43:13', '2016-10-24 16:43:13', NULL),
(1612, 'LUIS HENRIQUE LOPES DOS SANTOS', 31010003020, '10.200.34.14', '', 1, 3, 1, '2016-10-24 16:43:13', '2016-10-24 16:43:13', NULL),
(1616, 'GISLAINE MARIA LINO', 31010003063, '172.16.122.13', '', 4, 3, 1, '2016-10-24 16:43:13', '2016-10-24 16:43:13', NULL),
(1617, 'SUELLEN DA SILVA ZANQUETA', 31010004036, '172.16.119.172', '', 3, 3, 1, '2016-10-24 16:43:13', '2016-10-24 16:43:13', NULL),
(1620, 'FELIPE URIEL PIEDADE', 31010004158, '172.16.109.209', '', 1, 3, 1, '2016-10-24 16:43:13', '2016-10-24 16:43:13', NULL),
(1622, 'RICARDO ESTEVãO DA SILVA', 31010002968, ' 172.16.122.12', '', 4, 3, 1, '2016-10-24 16:43:13', '2016-10-24 16:43:13', NULL),
(1623, 'PEDRO PEREIRA DA SILVA NETO', 31010002923, '172.16.109.207', '', 1, 3, 1, '2016-10-24 16:43:13', '2016-10-24 16:43:13', NULL),
(1624, 'DANIELE DE BARROS SANTOS APOLINARIO', 31010002711, '10.200.34.15', '', 1, 3, 1, '2016-10-24 16:43:13', '2016-10-24 16:43:13', NULL),
(1625, 'LARISSA ANGELINI BONACORDI', 31010003198, '10.200.34.16', '', 1, 3, 1, '2016-10-24 16:43:13', '2016-10-24 16:43:13', NULL),
(1626, 'LUCIMARA LEME PARDIM', 31010004103, '172.16.119.171', '', 3, 3, 1, '2016-10-24 16:43:13', '2016-10-24 16:43:13', NULL);
INSERT INTO `requisicoes` (`id`, `nome`, `rarefunc`, `ip`, `MAC`, `campus_id`, `status_id`, `usuarioTipo_id`, `created_at`, `updated_at`, `deleted_at`) VALUES
(1628, 'GISLEINE DA SILVA SAMPAIO MONTALVãO', 31010003877, '172.16.119.170', '', 3, 3, 1, '2016-10-24 16:43:13', '2016-10-24 16:43:13', NULL),
(1629, 'DANIELE DE BARROS SANTOS APOLINARIO', 31010002711, '172.16.109.206', '', 1, 3, 1, '2016-10-24 16:43:13', '2016-10-24 16:43:13', NULL),
(1630, 'STELLA MARYS DE MATOS FARIA', 31010003897, '172.16.109.211', '', 1, 3, 1, '2016-10-24 16:43:13', '2016-10-24 16:43:13', NULL),
(1631, 'JOSE ADELSON ALMEIDA FERREIRA', 31010003575, '10.200.34.18', '', 1, 3, 1, '2016-10-24 16:43:13', '2016-10-24 16:43:13', NULL),
(1632, 'CAMILA RAMOS', 31010002400, '172.16.112.128', '', 2, 3, 1, '2016-10-24 16:43:13', '2016-10-24 16:43:13', NULL),
(1633, 'LETICIA MARIA DOS SANTOS', 31010004044, '172.16.119.173', '', 3, 3, 1, '2016-10-24 16:43:13', '2016-10-24 16:43:13', NULL),
(1634, 'LETICIA LEONELLO', 31010002937, '10.200.34.17', '', 1, 3, 1, '2016-10-24 16:43:13', '2016-10-24 16:43:13', NULL),
(1635, 'PATRíCIA MANOEL TAVARES DA SILVA', 31010004019, '172.16.119.174', '', 3, 3, 1, '2016-10-24 16:43:13', '2016-10-24 16:43:13', NULL),
(1637, 'JESSICA RODRIGUES DE LIMA', 31010002991, '172.16.109.212', '', 1, 3, 1, '2016-10-24 16:43:13', '2016-10-24 16:43:13', NULL),
(1638, 'FERNANDA BARROS DE SALVO', 31010003038, '172.16.109.214', '', 1, 3, 1, '2016-10-24 16:43:13', '2016-10-24 16:43:13', NULL),
(1639, 'ANA ALICE DA SILVA LIMA', 31010003282, '172.16.109.215', '', 1, 3, 1, '2016-10-24 16:43:13', '2016-10-24 16:43:13', NULL),
(1640, 'ANDERSON DE SOUZA', 31010004083, '172.16.122.14', '', 4, 3, 1, '2016-10-24 16:43:13', '2016-10-24 16:43:13', NULL),
(1641, 'GABRIEL GONZAGA CONSENTINI', 31010003592, '10.200.34.19', '', 1, 3, 1, '2016-10-24 16:43:13', '2016-10-24 16:43:13', NULL),
(1642, 'ELIANE LEAL PIMENTA', 31010004073, '172.16.112.129', '', 2, 3, 1, '2016-10-24 16:43:13', '2016-10-24 16:43:13', NULL),
(1643, 'JONATHAS', 938513, '172.16.119.176', '', 3, 3, 3, '2016-10-24 16:43:13', '2016-10-24 16:43:13', NULL),
(1644, 'BIBIANO FRANCISCO ELOI JUNIOR', 985490, '172.16.122.20', '', 4, 3, 3, '2016-10-24 16:43:13', '2016-10-24 16:43:13', NULL),
(1645, 'ALEX ESTEVAM DA COSTA', 31010002980, '172.16.109.216', '', 1, 3, 1, '2016-10-24 16:43:13', '2016-10-24 16:43:13', NULL),
(1646, 'ISLLA SABRYNNA DIVINO PEREIRA ', 31010003123, '172.16.122.15', '', 4, 3, 1, '2016-10-24 16:43:13', '2016-10-24 16:43:13', NULL),
(1647, 'ERIC CARLOS DE ALENCAR', 31010002403, '172.16.112.130', '', 2, 3, 1, '2016-10-24 16:43:13', '2016-10-24 16:43:13', NULL),
(1648, 'JOSé RAFAEL GODOI DE SOUZA', 31010002538, '172.16.122.16', '', 4, 3, 1, '2016-10-24 16:43:13', '2016-10-24 16:43:13', NULL),
(1649, 'PAOLA TAIS PEDROSO', 31010002704, '172.16.122.17', '', 4, 3, 1, '2016-10-24 16:43:13', '2016-10-24 16:43:13', NULL),
(1650, 'BEATRIZ FERRAZ CEZAR', 31010002713, '172.16.122.18', '', 4, 3, 1, '2016-10-24 16:43:13', '2016-10-24 16:43:13', NULL),
(1651, 'MáRCIA CRISTINA PEREIRA DA SILVA', 31010002873, '172.16.122.19', '', 4, 3, 1, '2016-10-24 16:43:13', '2016-10-24 16:43:13', NULL),
(1652, 'DANIELE DE BARROS SANTOS APOLINARIO', 31010002711, '172.16.112.131', '', 2, 3, 1, '2016-10-24 16:43:13', '2016-10-24 16:43:13', NULL),
(1654, 'JONATHAN ANTONIO DA SILVA', 31010002189, '172.16.109.217', '', 1, 3, 1, '2016-10-24 16:43:13', '2016-10-24 16:43:13', NULL),
(1655, 'TIMóTEO FRANCO CARVALHO', 31010003991, '172.16.109.218', '', 1, 3, 1, '2016-10-24 16:43:13', '2016-10-24 16:43:13', NULL),
(1656, 'VERA  TEODORO BALBã0', 31010003325, '172.16.112.132', '', 2, 3, 1, '2016-10-24 16:43:13', '2016-10-24 16:43:13', NULL),
(1658, 'MATHEUS AUGUSTO TEODORO DE ANDRADE', 31010003860, '172.16.109.219', '', 1, 3, 1, '2016-10-24 16:43:13', '2016-10-24 16:43:13', NULL),
(1659, 'ADRIANO GOMES DOS SANTOS', 31010002371, '172.16.109.213', '', 1, 3, 1, '2016-10-24 16:43:13', '2016-10-24 16:43:13', NULL),
(1661, 'ISABELLY DIAS ALVES', 31010002354, '172.16.119.175', '', 3, 3, 1, '2016-10-24 16:43:13', '2016-10-24 16:43:13', NULL),
(1662, 'MAGDA LOPES', 31010002755, '172.16.109.220', '', 1, 3, 1, '2016-10-24 16:43:13', '2016-10-24 16:43:13', NULL),
(1663, 'PATRíCIA DE OLIVEIRA CATELLAN', 31010003604, '172.16.122.21', '', 4, 3, 1, '2016-10-24 16:43:13', '2016-10-24 16:43:13', NULL),
(1664, 'RAFAEL MOREIRA DELATESTA ', 31010003017, '10.200.34.22', '', 1, 3, 1, '2016-10-24 16:43:13', '2016-10-24 16:43:13', NULL),
(1665, 'CHRISTOFER FRANCISCO DE MORAIS', 31010002408, '172.16.112.136', '', 2, 3, 1, '2016-10-24 16:43:13', '2016-10-24 16:43:13', NULL),
(1666, 'RôMULO CARPANELLI', 31010002835, '172.16.112.137', '', 2, 3, 1, '2016-10-24 16:43:13', '2016-10-24 16:43:13', NULL),
(1667, 'TIMóTEO FRANCO CARVALHO', 31010003991, '10.200.34.21', '', 1, 3, 1, '2016-10-24 16:43:13', '2016-10-24 16:43:13', NULL),
(1669, 'VALERIA MARCATTI', 31010002310, '172.16.112.138', '', 2, 3, 1, '2016-10-24 16:43:13', '2016-10-24 16:43:13', NULL),
(1671, 'JOSé NELSON LABIGALINI', 31010001825, '172.16.122.22', '', 4, 3, 1, '2016-10-24 16:43:13', '2016-10-24 16:43:13', NULL),
(1672, 'ANDERSON ROGéRIO MACIEL ', 31010002438, '172.16.112.139', '', 2, 3, 1, '2016-10-24 16:43:13', '2016-10-24 16:43:13', NULL),
(1673, 'LAIS DE CASSIA BUENO FERREIRA', 31010003525, '172.16.119.178', '', 3, 3, 1, '2016-10-24 16:43:13', '2016-10-24 16:43:13', NULL),
(1674, 'MARCOS ANTôNIO DE FREITAS', 31010003562, '172.16.112.140', '', 2, 3, 1, '2016-10-24 16:43:13', '2016-10-24 16:43:13', NULL),
(1675, 'JOSé DIEGO GODOY DE OLIVEIRA', 31010002323, '172.16.112.141', '', 2, 3, 1, '2016-10-24 16:43:13', '2016-10-24 16:43:13', NULL),
(1676, 'GIOVANNA LARISSA MANOEL', 31010004188, '172.16.109.224', '', 1, 3, 1, '2016-10-24 16:43:13', '2016-10-24 16:43:13', NULL),
(1677, 'AMANDA CARDOSO ROCHA', 31010003492, '172.16.109.225', '', 1, 3, 1, '2016-10-24 16:43:13', '2016-10-24 16:43:13', NULL),
(1678, 'ADRIANO MESSIAS TAVARES', 31010003213, '10.200.34.23', '', 1, 3, 1, '2016-10-24 16:43:13', '2016-10-24 16:43:13', NULL),
(1679, 'JOãO ANTONIO DALALANA', 31010001743, '10.200.34.24', '', 1, 3, 1, '2016-10-24 16:43:13', '2016-10-24 16:43:13', NULL),
(1680, 'MORGANA SILVA RODRIGUES', 31010002503, '172.16.122.23', '', 4, 3, 1, '2016-10-24 16:43:13', '2016-10-24 16:43:13', NULL),
(1681, 'ILDEMAR FERREIRA DA ROCHA JUNIOR', 31010003458, '172.16.122.24', '', 4, 3, 1, '2016-10-24 16:43:13', '2016-10-24 16:43:13', NULL),
(1682, 'RITA C O TORIONI', 91340, '172.16.112.143', '', 2, 3, 3, '2016-10-24 16:43:13', '2016-10-24 16:43:13', NULL),
(1683, 'GABRIELLY COSMO GUIDI', 31010003298, '172.16.109.226', '', 1, 3, 1, '2016-10-24 16:43:13', '2016-10-24 16:43:13', NULL),
(1685, 'BIBIANO FRANCISCO ELOI JUNIOR', 3102985490, '172.16.109.223', '', 1, 3, 2, '2016-10-24 16:43:13', '2016-10-24 16:43:13', NULL),
(1687, 'GILCIMAR FRANCISCO DE TOLEDO', 31010001153, '172.16.109.227', '', 1, 3, 1, '2016-10-24 16:43:13', '2016-10-24 16:43:13', NULL),
(1688, 'ARIANE PELATIERO DE GODóI ', 31010003339, '10.200.34.25', '', 1, 3, 1, '2016-10-24 16:43:13', '2016-10-24 16:43:13', NULL),
(1689, 'JAQUELINE JUSTINO LOYOLA', 31010002949, '10.200.34.26', '', 1, 3, 1, '2016-10-24 16:43:13', '2016-10-24 16:43:13', NULL),
(1690, 'ANDERSON DE LIMA  FERREIRA', 31010003511, ' 172.16.110.143', '', 1, 2, 1, '2016-10-24 16:43:13', '2016-10-24 16:43:13', NULL),
(1692, 'EVERTON UCHOA SBRISSE', 31010003217, '172.16.108.2', '', 1, 3, 1, '2016-10-24 16:43:13', '2016-10-24 16:43:13', NULL),
(1693, 'ESTER REGINA DA SILVA RAMOS ', 31010003540, '172.16.119.179', '', 3, 3, 1, '2016-10-24 16:43:13', '2016-10-24 16:43:13', NULL),
(1694, 'LAIS APARECIDA RIBEIRO DA CRUZ', 31010002952, '172.16.108.61', '', 1, 3, 1, '2016-10-24 16:43:13', '2016-10-24 16:43:13', NULL),
(1695, 'GABRIELLY COSMO GUIDI', 31010003298, '10.200.34.28', '', 1, 3, 1, '2016-10-24 16:43:13', '2016-10-24 16:43:13', NULL),
(1697, 'TAFNES DE OLIVEIRA BRANDãO', 31010001930, '172.16.108.64', '', 1, 3, 1, '2016-10-24 16:43:13', '2016-10-24 16:43:13', NULL),
(1698, 'MARIA JúLIA SOUZA AVANCINI ', 31010004177, '10.200.34.29', '', 1, 3, 1, '2016-10-24 16:43:13', '2016-10-24 16:43:13', NULL),
(1699, 'JúLIA BANDIERI GARCIA ', 31010003532, '10.200.34.30', '', 1, 3, 1, '2016-10-24 16:43:13', '2016-10-24 16:43:13', NULL),
(1700, 'ISABELLA MONTEIRO ROSSI ', 31010003596, '10.200.34.31', '', 1, 3, 1, '2016-10-24 16:43:13', '2016-10-24 16:43:13', NULL),
(1701, 'CLEVELANDIO MARQUES FERREIRA', 31010004145, '10.200.34.27', '', 1, 3, 1, '2016-10-24 16:43:13', '2016-10-24 16:43:13', NULL),
(1702, 'LARA ALINE FUIN', 31010003973, '172.16.108.67', '', 1, 3, 1, '2016-10-24 16:43:13', '2016-10-24 16:43:13', NULL),
(1703, 'HANNA KAROLINA SILVA AGUIAR DONATO', 31010003505, '172.16.112.144', '', 2, 3, 1, '2016-10-24 16:43:13', '2016-10-24 16:43:13', NULL),
(1704, 'ARIANE PELATIERO DE GODóI ', 31010003339, '172.16.112.145', '', 2, 3, 1, '2016-10-24 16:43:13', '2016-10-24 16:43:13', NULL),
(1705, 'ADRIANA DA CRUZ GOMES', 31010003543, '172.16.119.180', '', 3, 3, 1, '2016-10-24 16:43:13', '2016-10-24 16:43:13', NULL),
(1706, 'ADRIANO GOMES DOS SANTOS', 31010002371, '10.200.34.32', '', 1, 3, 1, '2016-10-24 16:43:13', '2016-10-24 16:43:13', NULL),
(1707, 'POLIANA TEREZA PEREIRA DOS SANTOS', 31010003579, '172.16.119.181', '', 3, 3, 1, '2016-10-24 16:43:13', '2016-10-24 16:43:13', NULL),
(1709, 'ARIANE DE CASSIA SILVA DOS SANTOS', 31010002574, '172.16.108.68', '', 1, 3, 1, '2016-10-24 16:43:13', '2016-10-24 16:43:13', NULL),
(1710, 'REGIANE', 12365, '172.16.119.182', '', 3, 3, 3, '2016-10-24 16:43:13', '2016-10-24 16:43:13', NULL),
(1712, 'ISABELLA MONTEIRO ROSSI ', 31010003596, '172.16.108.69', '', 1, 3, 1, '2016-10-24 16:43:13', '2016-10-24 16:43:13', NULL),
(1713, 'RAFAEL FAVARO MAGALHãES ', 31010002337, '172.16.112.146', '', 2, 3, 1, '2016-10-24 16:43:13', '2016-10-24 16:43:13', NULL),
(1714, 'JULIA APARECIDA BEZERRA ', 31010004047, '172.16.122.25', '', 4, 3, 1, '2016-10-24 16:43:13', '2016-10-24 16:43:13', NULL),
(1716, 'TALES HENRIQUE CORREA DE SOUZA', 31010002178, '172.16.111.201', '', 1, 3, 1, '2016-10-24 16:43:13', '2016-10-24 16:43:13', NULL),
(1717, 'FRANCISCA JANAíNA NUNES SOARES BESSE', 31010002435, '172.16.111.202', '', 1, 3, 1, '2016-10-24 16:43:13', '2016-10-24 16:43:13', NULL),
(1719, 'SUZI CRISTINAALVESMACHADO', 31010003090, '172.16.112.147', '', 2, 3, 1, '2016-10-24 16:43:13', '2016-10-24 16:43:13', NULL),
(1720, 'BIANCA DE OLIVEIRA PRETO', 31010003209, '10.200.34.34', '', 1, 3, 1, '2016-10-24 16:43:13', '2016-10-24 16:43:13', NULL),
(1723, 'RHAIFE BRIANTI', 31010002962, '172.16.112.148', '', 2, 3, 1, '2016-10-24 16:43:13', '2016-10-24 16:43:13', NULL),
(1724, 'ALEX GNANI ', 31010003943, '10.200.34.33', '', 1, 3, 1, '2016-10-24 16:43:13', '2016-10-24 16:43:13', NULL),
(1725, 'ELIANE AVELINO', 31010001582, '172.16.112.149', '', 2, 3, 1, '2016-10-24 16:43:13', '2016-10-24 16:43:13', NULL),
(1726, 'AMANDA CARDOSO ROCHA', 31010003492, '10.200.34.35', '', 1, 3, 1, '2016-10-24 16:43:13', '2016-10-24 16:43:13', NULL),
(1727, 'ALLAN RICHARD APARECIDO GUEDES', 31010002290, '10.200.34.36', '', 1, 3, 1, '2016-10-24 16:43:13', '2016-10-24 16:43:13', NULL),
(1728, 'BEATRIZ DE CASSIA APARECIDA BUENO', 31010003593, '172.16.111.203', '', 1, 3, 1, '2016-10-24 16:43:13', '2016-10-24 16:43:13', NULL),
(1730, 'BEATRIZ MOREIRA', 31010003398, '172.16.122.26', '', 4, 3, 1, '2016-10-24 16:43:13', '2016-10-24 16:43:13', NULL),
(1731, 'ISABELA CRISTINA NASCIMENTO', 31010003870, '172.16.111.204', '', 1, 3, 1, '2016-10-24 16:43:13', '2016-10-24 16:43:13', NULL),
(1733, 'GRAZIELLE AURELINA FRAGA DE SOUSA', 3102237461, '172.16.111.206', '', 1, 3, 2, '2016-10-24 16:43:13', '2016-10-24 16:43:13', NULL),
(1734, 'JOICE GERONIMO DE ANDRADE CARVALHO', 31010003528, '10.200.34.37', '', 1, 3, 1, '2016-10-24 16:43:13', '2016-10-24 16:43:13', NULL),
(1735, 'GABRIEL HENRIQUE BORGES DE OLIVEIRA', 31010000683, '172.16.111.205', '', 1, 3, 1, '2016-10-24 16:43:13', '2016-10-24 16:43:13', NULL),
(1736, 'RAFAEL ZAMBELLI FONTES', 31010002747, '10.200.34.38', '', 1, 3, 1, '2016-10-24 16:43:13', '2016-10-24 16:43:13', NULL),
(1737, 'BIBIANO FRANCISCO ELOI JUNIOR', 3102985490, '10.200.34.12', '', 1, 3, 2, '2016-10-24 16:43:13', '2016-10-24 16:43:13', NULL),
(1738, 'LUANA VANESSA CAVALARO', 31010004119, '172.16.119.183', '', 3, 3, 1, '2016-10-24 16:43:13', '2016-10-24 16:43:13', NULL),
(1741, 'RENATO DE MORAES CAVALCANTE', 31010003265, ' 172.16.108.17', '', 1, 3, 1, '2016-10-24 16:43:13', '2016-10-24 16:43:13', NULL),
(1742, 'MARINA CONCEICAO CAMPOS', 31010002522, '10.200.34.39', '', 1, 3, 1, '2016-10-24 16:43:13', '2016-10-24 16:43:13', NULL),
(1743, 'JOYCE MULTI DA SILVA ANTONIOLLI', 31010003266, '10.200.34.40', '', 1, 3, 1, '2016-10-24 16:43:13', '2016-10-24 16:43:13', NULL),
(1744, 'GIOVANA CRISTINA FRAZãO VIEIRA', 31010004127, '172.16.119.184', '', 3, 3, 1, '2016-10-24 16:43:13', '2016-10-24 16:43:13', NULL),
(1746, 'NATALIA SATUTTI CINTRA MUNHOZ ', 31010003499, '172.16.111.207', '', 1, 3, 1, '2016-10-24 16:43:13', '2016-10-24 16:43:13', NULL),
(1748, 'E VEIS E GIL LUCENA', 31010002515, '172.16.111.208', '', 1, 3, 1, '2016-10-24 16:43:13', '2016-10-24 16:43:13', NULL),
(1749, 'BEATRIZ PINHEIRO ROMãO', 31010003163, '172.16.122.27', '', 4, 3, 1, '2016-10-24 16:43:13', '2016-10-24 16:43:13', NULL),
(1750, 'LETICIA ROCHA DE MELLO', 31010003337, '172.16.122.28', '', 4, 3, 1, '2016-10-24 16:43:13', '2016-10-24 16:43:13', NULL),
(1751, 'PALOMA APARECIDA FEDEL ', 31010000951, '172.16.122.29', '', 4, 3, 1, '2016-10-24 16:43:13', '2016-10-24 16:43:13', NULL),
(1752, 'ISABELLY GIMENEZ RAIMUNDO', 31010003549, '172.16.112.150', '', 2, 3, 1, '2016-10-24 16:43:13', '2016-10-24 16:43:13', NULL),
(1753, 'ANA FLáVIA BOSSO COSTA', 31010003563, '172.16.111.209', '', 1, 3, 1, '2016-10-24 16:43:13', '2016-10-24 16:43:13', NULL),
(1754, 'SANDRA REGINA DO NASCIMENTO BREDA ', 31010002238, '172.16.111.210', '', 1, 3, 1, '2016-10-24 16:43:13', '2016-10-24 16:43:13', NULL),
(1755, 'RENATO DE MORAES CAVALCANTI', 31010003265, '172.16.111.211', '', 1, 3, 1, '2016-10-24 16:43:13', '2016-10-24 16:43:13', NULL),
(1758, 'SAMOEL HéRCULES CASTELLANI DANTAS ', 31010003850, '172.16.112.153', '', 2, 3, 1, '2016-10-24 16:43:13', '2016-10-24 16:43:13', NULL),
(1761, 'RAFAELA FREITAS DE OLIVEIRA PRETO', 31010002349, '172.16.111.213', '', 1, 3, 1, '2016-10-24 16:43:13', '2016-10-24 16:43:13', NULL),
(1762, 'TATIANA FERI FERREIRA ', 31010000568, '172.16.111.214', '', 1, 3, 1, '2016-10-24 16:43:13', '2016-10-24 16:43:13', NULL),
(1764, 'MARCELO CRISTIANO RODRIGUES DA COSTA', 31010003188, '172.16.111.215', '', 1, 3, 1, '2016-10-24 16:43:13', '2016-10-24 16:43:13', NULL),
(1765, 'JHANAYNA MARIA GOIS DE SOUZA', 31010004129, '10.200.34.41', '', 1, 3, 1, '2016-10-24 16:43:13', '2016-10-24 16:43:13', NULL),
(1766, 'MARCOS TADEU MARTUCI CAMARGO', 31010002631, '10.200.34.42', '', 1, 3, 1, '2016-10-24 16:43:13', '2016-10-24 16:43:13', NULL),
(1767, 'MARIA JúLIA SOUZA AVANCINI ', 31010004177, '172.16.112.152', '', 2, 3, 1, '2016-10-24 16:43:13', '2016-10-24 16:43:13', NULL),
(1768, 'SUELI GODOY', 31010002181, '10.200.34.43', '', 1, 3, 1, '2016-10-24 16:43:13', '2016-10-24 16:43:13', NULL),
(1769, 'JOICE GERONIMO DE ANDRADE CARVALHO', 31010003528, '172.16.112.151', '', 2, 3, 1, '2016-10-24 16:43:13', '2016-10-24 16:43:13', NULL),
(1770, 'RODRIGO DE BRITO MARTINS', 31010001309, '10.200.34.44', '', 1, 3, 1, '2016-10-24 16:43:13', '2016-10-24 16:43:13', NULL),
(1771, 'HARRISON SAMUEL DALALANA', 31010004179, '172.16.111.216', '', 1, 3, 1, '2016-10-24 16:43:13', '2016-10-24 16:43:13', NULL),
(1772, 'MIRYAM ARIEL BULGARELLI TONON', 31010003887, '172.16.112.154', '', 2, 3, 1, '2016-10-24 16:43:13', '2016-10-24 16:43:13', NULL),
(1773, 'JOSE TIAGO CANDIDO', 31010003869, '172.16.111.217', '', 1, 3, 1, '2016-10-24 16:43:13', '2016-10-24 16:43:13', NULL),
(1774, 'JOYCE NáDIA FRATTINE DR SOUZA VIGILATO', 31010003304, '172.16.122.30', '', 4, 3, 1, '2016-10-24 16:43:13', '2016-10-24 16:43:13', NULL),
(1775, 'DANIELA VIOLA', 31010004136, '172.16.119.185', '', 3, 3, 1, '2016-10-24 16:43:13', '2016-10-24 16:43:13', NULL),
(1776, 'TâNIA OLIVIA CORRE A DINIZ', 31010003292, '172.16.112.155', '', 2, 3, 1, '2016-10-24 16:43:13', '2016-10-24 16:43:13', NULL),
(1779, 'MARIA JOSE DE ESPINDOLA CORDEIRO', 732745, '10.200.32.36', '', 1, 3, 3, '2016-10-24 16:43:13', '2016-10-24 16:43:13', NULL),
(1781, 'GABRIELA SANTOS CONCEIçãO', 31010002586, '172.16.111.218', '', 1, 3, 1, '2016-10-24 16:43:13', '2016-10-24 16:43:13', NULL),
(1782, 'RAMON VINICIO SOARES', 31010003070, '172.16.119.186', '', 3, 3, 1, '2016-10-24 16:43:13', '2016-10-24 16:43:13', NULL),
(1784, 'GLáUCIA FIDELIS', 31010003419, '172.16.122.31', '', 4, 3, 1, '2016-10-24 16:43:13', '2016-10-24 16:43:13', NULL),
(1786, 'MARIA ROSANGELA DA SILVA', 31010001371, '10.200.32.14', '', 1, 3, 1, '2016-10-24 16:43:13', '2016-10-24 16:43:13', NULL),
(1789, 'ALINE APARECIDA LAZARI', 31010001738, '172.16.111.50', '', 1, 3, 1, '2016-10-24 16:43:13', '2016-10-24 16:43:13', NULL),
(1790, 'ALINE APARECIDA LAZARI', 31010001738, '10.200.32.32', '', 1, 3, 1, '2016-10-24 16:43:13', '2016-10-24 16:43:13', NULL),
(1791, 'VAGNER DE OLIVEIRA PRETO', 31010002627, '10.200.32.35', '', 1, 3, 1, '2016-10-24 16:43:13', '2016-10-24 16:43:13', NULL),
(1792, 'TAMIRIS SOUZA', 31010002753, '172.16.109.129', '', 1, 3, 1, '2016-10-24 16:43:13', '2016-10-24 16:43:13', NULL),
(1793, 'JOSE CARLOS FERRARESSO GOMES', 31010003857, '172.16.111.41', '', 1, 3, 1, '2016-10-24 16:43:13', '2016-10-24 16:43:13', NULL),
(1794, 'LUANA RIBEIRO MODESTO', 31010003984, '172.16.119.187', '', 3, 3, 1, '2016-10-24 16:43:13', '2016-10-24 16:43:13', NULL),
(1795, 'BRUNA CANELLA PELLUZZI', 31010004074, '172.16.122.32', '', 4, 3, 1, '2016-10-24 16:43:13', '2016-10-24 16:43:13', NULL),
(1796, 'ELLEN JULIANA DE TOLEDO BICUDO ', 31010003346, '172.16.119.188', '', 3, 3, 1, '2016-10-24 16:43:13', '2016-10-24 16:43:13', NULL),
(1797, 'VICTOR HENRIQUE FERNADES KURIHARA', 31010003880, '172.16.119.189', '', 3, 3, 1, '2016-10-24 16:43:13', '2016-10-24 16:43:13', NULL),
(1798, 'GABRIELLE APARECIDA FERREIRA', 31010003517, '172.16.119.190', '', 3, 3, 1, '2016-10-24 16:43:13', '2016-10-24 16:43:13', NULL),
(1799, 'PâMELA GABRIELA DA SILVA', 31010004007, '172.16.119.191', '', 3, 3, 1, '2016-10-24 16:43:13', '2016-10-24 16:43:13', NULL),
(1801, 'JAQUELINE EVELYN INACIO RODRIGUES', 31010004107, '10.200.32.166', '', 1, 3, 1, '2016-10-24 16:43:13', '2016-10-24 16:43:13', NULL),
(1802, 'RAFAEL ZAMBELLI FONTES', 31010002747, '172.16.111.48', '', 1, 3, 1, '2016-10-24 16:43:13', '2016-10-24 16:43:13', NULL),
(1803, 'VIVIANE DE JESUS CALDEIRA ANDRADE', 31010003493, '172.16.119.192', '', 3, 3, 1, '2016-10-24 16:43:13', '2016-10-24 16:43:13', NULL),
(1804, 'ARIANE CAROLINE DE CASTRO', 31010003569, '172.16.119.193', '', 3, 3, 1, '2016-10-24 16:43:13', '2016-10-24 16:43:13', NULL),
(1805, 'CAROLINE BEATRIZ BENTO FRANCO', 31010003417, '172.16.111.52', '', 1, 3, 1, '2016-10-24 16:43:13', '2016-10-24 16:43:13', NULL),
(1806, 'BRENA GIOVANSKA MOSNA DA SILVA', 31010004071, '172.16.111.67', '', 1, 3, 1, '2016-10-24 16:43:13', '2016-10-24 16:43:13', NULL),
(1807, 'JOYCE RODRIGUES DE LIMA', 31010003986, '172.16.119.194', '', 3, 3, 1, '2016-10-24 16:43:13', '2016-10-24 16:43:13', NULL),
(1808, 'CESAR APARECIDO MOREIRA', 31010002772, '172.16.111.68', '', 1, 3, 1, '2016-10-24 16:43:13', '2016-10-24 16:43:13', NULL),
(1813, 'VIVIANE AVELINO', 31011536312, '172.16.122.33', '', 4, 3, 1, '2016-10-24 16:43:13', '2016-10-24 16:43:13', NULL),
(1819, 'MARIANA MONTEIRO DOS SANTOS', 31010003908, '172.16.119.195', '', 3, 3, 1, '2016-10-24 16:43:13', '2016-10-24 16:43:13', NULL),
(1820, 'ANA LíDIA RODRIGUES DE LIMA', 31010002374, '172.16.119.19', '', 3, 3, 1, '2016-10-24 16:43:13', '2016-10-24 16:43:13', NULL),
(1821, 'PATRíCIA DOS SANTOS RIBEIRO ', 31010004069, '172.16.119.197', '', 3, 3, 1, '2016-10-24 16:43:13', '2016-10-24 16:43:13', NULL),
(1822, 'LARISSA FERNANDA CUNHA BARREIRO ', 31010003479, '172.16.119.198', '', 3, 3, 1, '2016-10-24 16:43:13', '2016-10-24 16:43:13', NULL),
(1823, 'ISABELLY DIAS ALVES', 31010002354, '172.16.119.199', '', 3, 3, 1, '2016-10-24 16:43:13', '2016-10-24 16:43:13', NULL),
(1824, 'SAMARINA FERREIRA DE SOUZA ', 31010004170, '172.16.122.34', '', 4, 3, 1, '2016-10-24 16:43:13', '2016-10-24 16:43:13', NULL),
(1825, 'PEDRO HENRIQUE AYRES', 31010003405, '172.16.122.35', '', 4, 3, 1, '2016-10-24 16:43:13', '2016-10-24 16:43:13', NULL),
(1826, 'JúLIA CAROLINA FERREIRA ', 31010003527, '172.16.119.200', '', 3, 3, 1, '2016-10-24 16:43:13', '2016-10-24 16:43:13', NULL),
(1827, 'ADRIANA CRISTINA GONZALES RICHIERI', 31010003159, '172.16.119.201', '', 3, 3, 1, '2016-10-24 16:43:13', '2016-10-24 16:43:13', NULL),
(1828, 'TASSIA RODRIGUES ZAMUNER', 31010004068, '172.16.119.202', '', 3, 3, 1, '2016-10-24 16:43:13', '2016-10-24 16:43:13', NULL),
(1829, 'JúLIA DIAS DS SILVA CORDEIRO', 31010002805, '172.16.119.203', '', 3, 3, 1, '2016-10-24 16:43:13', '2016-10-24 16:43:13', NULL),
(1830, 'MARIA SíLVIA ZAGO', 31010003992, '172.16.119.204', '', 3, 3, 1, '2016-10-24 16:43:13', '2016-10-24 16:43:13', NULL),
(1832, 'FLAVIA LETICIA RULIM', 31010002521, '172.16.122.41', '', 4, 3, 1, '2016-10-24 16:43:13', '2016-10-24 16:43:13', NULL),
(1833, 'MARA FERNANDA ALVES ORTIZ', 826928, '172.16.119.218', '', 3, 3, 3, '2016-10-24 16:43:13', '2016-10-24 16:43:13', NULL),
(1834, 'SIDNEI ANTONIO DE OLIVEIRA ', 12322, '172.16.122.42', '', 4, 3, 3, '2016-10-24 16:43:13', '2016-10-24 16:43:13', NULL),
(1835, 'LILIAN CRUZ', 31010003029, '172.16.119.206', '', 3, 3, 1, '2016-10-24 16:43:13', '2016-10-24 16:43:13', NULL),
(1836, 'ADRIANA CRISTINA GONZALES RICHIERI ', 31010003159, '172.16.119.207', '', 3, 3, 1, '2016-10-24 16:43:13', '2016-10-24 16:43:13', NULL),
(1837, 'SIDNEI ANTONIO DE OLIVEIRA', 12322, '172.16.122.43', '', 4, 3, 3, '2016-10-24 16:43:13', '2016-10-24 16:43:13', NULL),
(1839, 'LUCAS EDUARDO XAVIER DA SILVA', 31010002587, '172.16.122.40', '', 4, 3, 1, '2016-10-24 16:43:13', '2016-10-24 16:43:13', NULL),
(1840, 'ANA PAULA MOREIRA', 31010004104, '172.16.119.208', '', 3, 3, 1, '2016-10-24 16:43:13', '2016-10-24 16:43:13', NULL),
(1841, 'PALOMA CRISTINA ALVES MANTUAN', 31010004106, '172.16.119.209', '', 3, 3, 1, '2016-10-24 16:43:13', '2016-10-24 16:43:13', NULL),
(1842, 'RICARDO BATISTA NEGRI', 31010002040, '172.16.122.39', '', 4, 3, 1, '2016-10-24 16:43:13', '2016-10-24 16:43:13', NULL),
(1844, 'FELIPE CRIVELARO FROES ', 31010003946, '172.16.119.211', '', 3, 3, 1, '2016-10-24 16:43:13', '2016-10-24 16:43:13', NULL),
(1845, 'VANESSA GONÇALVES CAVENAGHI', 31010002381, '172.16.119.212', '', 3, 3, 1, '2016-10-24 16:43:13', '2016-10-24 16:43:13', NULL),
(1846, 'MADSON RODRIGUES DA SILVA', 31010003052, '172.16.119.213', '', 3, 3, 1, '2016-10-24 16:43:13', '2016-10-24 16:43:13', NULL),
(1847, 'SUELI APARECIDA CRICO', 31010002801, '172.16.122.38', '', 4, 3, 1, '2016-10-24 16:43:13', '2016-10-24 16:43:13', NULL),
(1850, 'ALEXANDRE ALVES', 31010002815, '172.16.119.210', '', 3, 3, 1, '2016-10-24 16:43:13', '2016-10-24 16:43:13', NULL),
(1851, 'SANDRA HELENA DE ALMEIDA', 31010002615, '172.16.119.214', '', 3, 3, 1, '2016-10-24 16:43:13', '2016-10-24 16:43:13', NULL),
(1852, 'PALOMA MAGYRORI DE SOUZA', 31010001766, '172.16.119.215', '', 3, 3, 1, '2016-10-24 16:43:13', '2016-10-24 16:43:13', NULL),
(1853, 'MATEUS HENRIQUE FERNANDES', 31010003833, '172.16.119.217', '', 3, 3, 1, '2016-10-24 16:43:13', '2016-10-24 16:43:13', NULL),
(1854, 'JOSIANE TAIS DE SOUZA ', 31010002939, '172.16.119.216', '', 3, 3, 1, '2016-10-24 16:43:13', '2016-10-24 16:43:13', NULL),
(1855, 'ANTONIA YASMIM SILVA FREIRE', 31010002906, '172.16.119.205', '', 3, 3, 1, '2016-10-24 16:43:13', '2016-10-24 16:43:13', NULL),
(1856, 'WALLACE CRESPO JORDãO ', 31010004075, '172.16.122.37', '', 4, 3, 1, '2016-10-24 16:43:13', '2016-10-24 16:43:13', NULL),
(1858, 'REGINA CéLIA  PAULSENFERREIRA', 31010003547, '172.16.119.219', '', 3, 3, 1, '2016-10-24 16:43:13', '2016-10-24 16:43:13', NULL),
(1860, 'PAULO JOSé BEZERRA JUNIOR', 31010004054, '172.16.119.220', '', 3, 3, 1, '2016-10-24 16:43:13', '2016-10-24 16:43:13', NULL),
(1861, 'MARIA CAROLINE', 31010003589, '172.16.119.221', '', 3, 3, 1, '2016-10-24 16:43:13', '2016-10-24 16:43:13', NULL),
(1863, 'MARIA CRISTIANE BELEM DE ALMEIDA', 31011609512, '172.16.122.44', '', 4, 3, 1, '2016-10-24 16:43:13', '2016-10-24 16:43:13', NULL),
(1864, 'ANDERSON RAFAEL MASSARI', 31010003289, '172.16.119.222', '', 3, 3, 1, '2016-10-24 16:43:13', '2016-10-24 16:43:13', NULL),
(1865, 'INGRID ALINE SANTANA', 31010004085, '172.16.119.223', '', 3, 3, 1, '2016-10-24 16:43:13', '2016-10-24 16:43:13', NULL),
(1867, 'JOSé DIOGO LEAL DE SOUZA', 31010002678, '172.16.122.45', '', 4, 3, 1, '2016-10-24 16:43:13', '2016-10-24 16:43:13', NULL),
(1868, 'DéBORA MARTINS DOS SANTOS', 31010003315, '172.16.119.224', '', 3, 3, 1, '2016-10-24 16:43:13', '2016-10-24 16:43:13', NULL),
(1869, 'TALITA CARLA VESCO DA CUNHA', 31010002569, '172.16.119.225', '', 3, 3, 1, '2016-10-24 16:43:13', '2016-10-24 16:43:13', NULL),
(1871, 'ANTONIO MARCO BUENO', 31010002737, '172.16.119.226', '', 3, 3, 1, '2016-10-24 16:43:13', '2016-10-24 16:43:13', NULL),
(1872, 'LUCIANO GIRANDELLI FILHO ', 31010002974, '172.16.122.46', '', 4, 3, 1, '2016-10-24 16:43:13', '2016-10-24 16:43:13', NULL),
(1873, 'LUCIANA APARECIDA DE GODOY', 31010002808, '172.16.119.227', '', 3, 3, 1, '2016-10-24 16:43:13', '2016-10-24 16:43:13', NULL),
(1874, 'BRUNO TAZINAFFO BUENO', 31010002905, '172.16.122.47', '', 4, 3, 1, '2016-10-24 16:43:13', '2016-10-24 16:43:13', NULL),
(1875, 'ANDERSON BINO', 31010001001, '172.16.122.48', '', 4, 3, 1, '2016-10-24 16:43:13', '2016-10-24 16:43:13', NULL),
(1876, 'CLAUDIA APARECIDA CONSORTI', 31010003470, '172.16.119.228', '', 3, 3, 1, '2016-10-24 16:43:13', '2016-10-24 16:43:13', NULL),
(1877, 'CRISTINA BRESSAGLIA LUCON', 3102008075, '172.16.119.229', '', 3, 3, 2, '2016-10-24 16:43:13', '2016-10-24 16:43:13', NULL);

-- --------------------------------------------------------

--
-- Estrutura para tabela `status`
--

CREATE TABLE `status` (
  `id` int(10) NOT NULL,
  `status` varchar(45) NOT NULL DEFAULT 'AGUARDANDO' COMMENT 'AGUARDANDO\nCADASTRANDO\nOK',
  `created_at` timestamp NOT NULL DEFAULT CURRENT_TIMESTAMP,
  `updated_at` timestamp NOT NULL DEFAULT CURRENT_TIMESTAMP,
  `deleted_at` timestamp NULL DEFAULT NULL
) ENGINE=InnoDB DEFAULT CHARSET=latin1 COMMENT='PENDENTE CADASTRANDO OK';

--
-- Fazendo dump de dados para tabela `status`
--

INSERT INTO `status` (`id`, `status`, `created_at`, `updated_at`, `deleted_at`) VALUES
(1, 'PENDENTE', '2016-10-24 16:43:13', '2016-10-24 16:43:13', NULL),
(2, 'CADASTRANDO', '2016-10-24 16:43:13', '2016-10-24 16:43:13', NULL),
(3, 'OK', '2016-10-24 16:43:13', '2016-10-24 16:43:13', NULL);

-- --------------------------------------------------------

--
-- Estrutura para tabela `tipoUsers`
--

CREATE TABLE `tipoUsers` (
  `id` int(10) NOT NULL,
  `tipo` varchar(45) NOT NULL,
  `created_at` timestamp NOT NULL DEFAULT CURRENT_TIMESTAMP,
  `updated_at` timestamp NOT NULL DEFAULT CURRENT_TIMESTAMP,
  `deleted_at` timestamp NULL DEFAULT NULL
) ENGINE=InnoDB DEFAULT CHARSET=utf8;

--
-- Fazendo dump de dados para tabela `tipoUsers`
--

INSERT INTO `tipoUsers` (`id`, `tipo`, `created_at`, `updated_at`, `deleted_at`) VALUES
(1, 'ADMINISTRADOR', '2016-10-25 00:26:30', '2016-10-25 00:26:30', NULL),
(2, 'FUNCIONARIO', '2016-10-25 00:26:30', '2016-10-25 00:26:30', NULL);

-- --------------------------------------------------------

--
-- Estrutura para tabela `users`
--

CREATE TABLE `users` (
  `id` int(10) UNSIGNED NOT NULL,
  `tipoUsers_id` int(11) NOT NULL,
  `name` varchar(255) CHARACTER SET utf8 NOT NULL,
  `email` varchar(255) COLLATE utf8_unicode_ci NOT NULL,
  `password` varchar(60) CHARACTER SET utf8 NOT NULL,
  `remember_token` varchar(100) COLLATE utf8_unicode_ci DEFAULT NULL,
  `confirm_token` varchar(100) CHARACTER SET utf8 DEFAULT NULL,
  `created_at` timestamp NULL DEFAULT CURRENT_TIMESTAMP,
  `updated_at` timestamp NULL DEFAULT CURRENT_TIMESTAMP,
  `deleted_at` timestamp NULL DEFAULT NULL
) ENGINE=InnoDB DEFAULT CHARSET=utf8 COLLATE=utf8_unicode_ci;

--
-- Fazendo dump de dados para tabela `users`
--

INSERT INTO `users` (`id`, `tipoUsers_id`, `name`, `email`, `password`, `remember_token`, `confirm_token`, `created_at`, `updated_at`, `deleted_at`) VALUES
(14, 1, 'Milton Carlos Katoo', 'mckatoo@gmail.com', '$2y$10$1KPntEMb7j6eHr1qr126/uAhbyN8BKJ6Ezd6leIHGYXNUC/DixtMm', NULL, NULL, '2016-11-01 14:38:23', '2016-11-01 14:38:23', NULL);

-- --------------------------------------------------------

--
-- Estrutura para tabela `usuarioTipo`
--

CREATE TABLE `usuarioTipo` (
  `id` int(10) NOT NULL,
  `tipo` varchar(45) NOT NULL,
  `created_at` timestamp NOT NULL DEFAULT CURRENT_TIMESTAMP,
  `updated_at` timestamp NOT NULL DEFAULT CURRENT_TIMESTAMP,
  `deleted_at` timestamp NULL DEFAULT NULL
) ENGINE=InnoDB DEFAULT CHARSET=latin1;

--
-- Fazendo dump de dados para tabela `usuarioTipo`
--

INSERT INTO `usuarioTipo` (`id`, `tipo`, `created_at`, `updated_at`, `deleted_at`) VALUES
(1, 'Aluno', '2016-10-24 16:43:13', '2016-10-24 16:43:13', NULL),
(2, 'Professor', '2016-10-24 16:43:13', '2016-10-24 16:43:13', NULL),
(3, 'Fuincionário', '2016-10-24 16:43:13', '2016-10-24 16:43:13', NULL);

--
-- Índices de tabelas apagadas
--

--
-- Índices de tabela `campus`
--
ALTER TABLE `campus`
  ADD PRIMARY KEY (`id`);

--
-- Índices de tabela `requisicoes`
--
ALTER TABLE `requisicoes`
  ADD PRIMARY KEY (`id`),
  ADD KEY `fk_requisicoes_status_idx` (`status_id`),
  ADD KEY `fk_requisicoes_usuarioTipo1_idx` (`usuarioTipo_id`),
  ADD KEY `fk_requisicoes_campus1_idx` (`campus_id`);

--
-- Índices de tabela `status`
--
ALTER TABLE `status`
  ADD PRIMARY KEY (`id`);

--
-- Índices de tabela `tipoUsers`
--
ALTER TABLE `tipoUsers`
  ADD PRIMARY KEY (`id`);

--
-- Índices de tabela `users`
--
ALTER TABLE `users`
  ADD PRIMARY KEY (`id`),
  ADD UNIQUE KEY `users_email_unique` (`email`),
  ADD KEY `fk_users_tipoUsers1_idx` (`tipoUsers_id`);

--
-- Índices de tabela `usuarioTipo`
--
ALTER TABLE `usuarioTipo`
  ADD PRIMARY KEY (`id`);

--
-- AUTO_INCREMENT de tabelas apagadas
--

--
-- AUTO_INCREMENT de tabela `campus`
--
ALTER TABLE `campus`
  MODIFY `id` int(11) NOT NULL AUTO_INCREMENT, AUTO_INCREMENT=5;
--
-- AUTO_INCREMENT de tabela `status`
--
ALTER TABLE `status`
  MODIFY `id` int(10) NOT NULL AUTO_INCREMENT, AUTO_INCREMENT=4;
--
-- AUTO_INCREMENT de tabela `tipoUsers`
--
ALTER TABLE `tipoUsers`
  MODIFY `id` int(10) NOT NULL AUTO_INCREMENT, AUTO_INCREMENT=3;
--
-- AUTO_INCREMENT de tabela `users`
--
ALTER TABLE `users`
  MODIFY `id` int(10) UNSIGNED NOT NULL AUTO_INCREMENT, AUTO_INCREMENT=15;
--
-- Restrições para dumps de tabelas
--

--
-- Restrições para tabelas `requisicoes`
--
ALTER TABLE `requisicoes`
  ADD CONSTRAINT `fk_requisicoes_campus1` FOREIGN KEY (`campus_id`) REFERENCES `campus` (`id`) ON DELETE NO ACTION ON UPDATE NO ACTION,
  ADD CONSTRAINT `fk_requisicoes_status` FOREIGN KEY (`status_id`) REFERENCES `status` (`id`) ON DELETE NO ACTION ON UPDATE NO ACTION,
  ADD CONSTRAINT `fk_requisicoes_usuarioTipo1` FOREIGN KEY (`usuarioTipo_id`) REFERENCES `usuarioTipo` (`id`) ON DELETE NO ACTION ON UPDATE NO ACTION;

--
-- Restrições para tabelas `users`
--
ALTER TABLE `users`
  ADD CONSTRAINT `fk_users_tipoUsers1` FOREIGN KEY (`tipoUsers_id`) REFERENCES `tipoUsers` (`id`) ON DELETE NO ACTION ON UPDATE NO ACTION;

/*!40101 SET CHARACTER_SET_CLIENT=@OLD_CHARACTER_SET_CLIENT */;
/*!40101 SET CHARACTER_SET_RESULTS=@OLD_CHARACTER_SET_RESULTS */;
/*!40101 SET COLLATION_CONNECTION=@OLD_COLLATION_CONNECTION */;
